group,estimator,target,n_params_frac,lds,ceiling,ratio,p,n,passed
ALL,GradDot_dmean,C1,,0.4834782608695652,0.9505589414333672,0.5086252306885026,0.008344281658814063,24,True
ALL,GradDot_dmean,C5,,0.37652173913043474,0.9380881188989534,0.40137139736122374,0.03487671002196547,24,False
ALL,trunc_k0,C1,,0.4834782608695652,0.9505589414333672,0.5086252306885026,0.008344281658814063,24,True
ALL,trunc_k0,C5,,0.37652173913043474,0.9380881188989534,0.40137139736122374,0.03487671002196547,24,False
ALL,trunc_k1,C1,,0.3417391304347826,0.9505589414333672,0.3595138770873768,0.05108336060409125,24,False
ALL,trunc_k1,C5,,0.32521739130434785,0.9380881188989534,0.34668106839052587,0.0604889367718617,24,False
ALL,trunc_k2,C1,,0.12347826086956522,0.9505589414333672,0.12990068841325067,0.2827024975710983,24,False
ALL,trunc_k2,C5,,0.42956521739130427,0.9380881188989534,0.4579156357885555,0.018089837667645593,24,False
ALL,trunc_k5,C1,,0.0017391304347826085,0.9505589414333672,0.0018295871607500091,0.4967825210540297,24,False
ALL,trunc_k5,C5,,-0.2869565217391304,0.9380881188989534,-0.3058950603445816,0.9130128790481677,24,False
ALL,trunc_k10,C1,,-0.054782608695652164,0.9505589414333672,-0.057631995563625284,0.6003458782558679,24,False
ALL,trunc_k10,C5,,-0.020869565217391303,0.9380881188989534,-0.022246913479605935,0.53855414843919,24,False
ALL,trunc_k20,C1,,-0.025217391304347827,0.9505589414333672,-0.026529013830875137,0.5465551913005124,24,False
ALL,trunc_k20,C5,,0.5365217391304348,0.9380881188989534,0.571931067371536,0.003437265296666415,24,True
ALL,trunc_k135,C1,,-0.4130434782608695,0.9505589414333672,-0.4345269506781272,0.9775754230500912,24,False
ALL,trunc_k135,C5,,0.48521739130434777,0.9380881188989534,0.517240738400838,0.008122231090201494,24,True
embed,GradDot_dmean,C1,,0.26347826086956516,0.9505589414333672,0.27718245485362636,0.10675118329261908,24,False
embed,GradDot_dmean,C5,,0.4547826086956522,0.9380881188989534,0.4847973229097461,0.01278078985201723,24,False
embed,trunc_k0,C1,,0.26347826086956516,0.9505589414333672,0.27718245485362636,0.10675118329261908,24,False
embed,trunc_k0,C5,,0.4547826086956522,0.9380881188989534,0.4847973229097461,0.01278078985201723,24,False
embed,trunc_k1,C1,,0.25217391304347825,0.9505589414333672,0.26529013830875137,0.11726378546080976,24,False
embed,trunc_k1,C5,,0.4260869565217391,0.9380881188989534,0.4542078168752879,0.018942152406185592,24,False
embed,trunc_k2,C1,,0.2617391304347826,0.9505589414333672,0.27535286769287637,0.10832584897664314,24,False
embed,trunc_k2,C5,,0.39826086956521733,0.9380881188989534,0.4245452655691466,0.026957364228299398,24,False
embed,trunc_k5,C1,,0.20608695652173914,0.9505589414333672,0.21680607854887612,0.16698616357150645,24,False
embed,trunc_k5,C5,,0.40956521739130425,0.9380881188989534,0.4365956770372664,0.023433084632456577,24,False
embed,trunc_k10,C1,,0.15391304347826085,0.9505589414333672,0.1619184637263758,0.23635993344880765,24,False
embed,trunc_k10,C5,,0.36173913043478256,0.9380881188989534,0.3856131669798362,0.04120012080471129,24,False
embed,trunc_k20,C1,,0.01217391304347826,0.9505589414333672,0.012807110125250066,0.4774885423248923,24,False
embed,trunc_k20,C5,,0.18347826086956517,0.9380881188989534,0.19558744767486883,0.1953933372731292,24,False
embed,trunc_k135,C1,,-0.08434782608695651,0.9505589414333672,-0.08873497729637544,0.652418698432075,24,False
embed,trunc_k135,C5,,0.2582608695652174,0.9380881188989534,0.2753055543101235,0.1115216090658968,24,False
block_00,GradDot_dmean,C1,,0.04,0.9505589414333672,0.042080504697250214,0.42639021971699514,24,False
block_00,GradDot_dmean,C5,,0.5243478260869565,0.9380881188989534,0.5589537011750992,0.004265544430594882,24,True
block_00,trunc_k0,C1,,0.04,0.9505589414333672,0.042080504697250214,0.42639021971699514,24,False
block_00,trunc_k0,C5,,0.5243478260869565,0.9380881188989534,0.5589537011750992,0.004265544430594882,24,True
block_00,trunc_k1,C1,,-0.08695652173913042,0.9505589414333672,-0.09147935803750046,0.6569023373507357,24,False
block_00,trunc_k1,C5,,0.47391304347826085,0.9380881188989534,0.5051903269327181,0.009655790005041253,24,True
block_00,trunc_k2,C1,,-0.07217391304347825,0.9505589414333672,-0.07592786717112539,0.6312405079523709,24,False
block_00,trunc_k2,C5,,0.4408695652173913,0.9380881188989534,0.46996604725667546,0.015527677013760245,24,False
block_00,trunc_k5,C1,,-0.17739130434782607,0.9505589414333672,-0.18661789039650095,0.7965187243014216,24,False
block_00,trunc_k5,C5,,0.46347826086956523,0.9380881188989534,0.49406687019291523,0.011272486426091563,24,False
block_00,trunc_k10,C1,,-0.18608695652173912,0.9505589414333672,-0.195765826200251,0.8080164830141259,24,False
block_00,trunc_k10,C5,,0.5217391304347825,0.9380881188989534,0.5561728369901483,0.004463032958436802,24,True
block_00,trunc_k20,C1,,-0.31565217391304345,0.9505589414333672,-0.3320700696761267,0.9335213937304367,24,False
block_00,trunc_k20,C5,,0.48521739130434777,0.9380881188989534,0.517240738400838,0.008122231090201494,24,True
block_00,trunc_k135,C1,,-0.2869565217391304,0.9505589414333672,-0.3018818815237515,0.9130128790481677,24,False
block_00,trunc_k135,C5,,0.5069565217391303,0.9380881188989534,0.5404146066087608,0.005730793146446403,24,True
block_01,GradDot_dmean,C1,,-0.06869565217391303,0.9505589414333672,-0.07226869284962537,0.6251177533027024,24,False
block_01,GradDot_dmean,C5,,0.6486956521739129,0.9380881188989534,0.6915082273244177,0.00030306247744289554,24,True
block_01,trunc_k0,C1,,-0.06869565217391303,0.9505589414333672,-0.07226869284962537,0.6251177533027024,24,False
block_01,trunc_k0,C5,,0.6486956521739129,0.9380881188989534,0.6915082273244177,0.00030306247744289554,24,True
block_01,trunc_k1,C1,,-0.23304347826086955,0.9505589414333672,-0.24516467954050125,0.8634397620350849,24,False
block_01,trunc_k1,C5,,0.6373913043478261,0.9380881188989534,0.679457815856298,0.00040398737108479925,24,True
block_01,trunc_k2,C1,,-0.2678260869565217,0.9505589414333672,-0.28175642275550145,0.8971180474521767,24,False
block_01,trunc_k2,C5,,0.6130434782608695,0.9380881188989534,0.6535030834634243,0.0007233326151636619,24,True
block_01,trunc_k5,C1,,-0.2904347826086956,0.9505589414333672,-0.3055410558452515,0.9157082056322584,24,False
block_01,trunc_k5,C5,,0.6739130434782608,0.9380881188989534,0.7183899144456083,0.0001528300151930763,24,True
block_01,trunc_k10,C1,,-0.29217391304347823,0.9505589414333672,-0.30737064300600153,0.9170337818671529,24,False
block_01,trunc_k10,C5,,0.7104347826086955,0.9380881188989534,0.7573220130349186,5.015152883025913e-05,24,True
block_01,trunc_k20,C1,,-0.3565217391304348,0.9505589414333672,-0.3750653679537519,0.9563734477084506,24,False
block_01,trunc_k20,C5,,0.7026086956521739,0.9380881188989534,0.7489794204800666,6.455143006179795e-05,24,True
block_01,trunc_k135,C1,,-0.37304347826086953,0.9505589414333672,-0.39244644598087697,0.9637068089119595,24,False
block_01,trunc_k135,C5,,0.6104347826086955,0.9380881188989534,0.6507222192784736,0.0007677786998006003,24,True
block_02,GradDot_dmean,C1,,0.21391304347826084,0.9505589414333672,0.22503922077225114,0.1577635653457728,24,False
block_02,GradDot_dmean,C5,,0.36695652173913035,0.9380881188989534,0.39117489534973765,0.038876808014297846,24,False
block_02,trunc_k0,C1,,0.21391304347826084,0.9505589414333672,0.22503922077225114,0.1577635653457728,24,False
block_02,trunc_k0,C5,,0.36695652173913035,0.9380881188989534,0.39117489534973765,0.038876808014297846,24,False
block_02,trunc_k1,C1,,0.20434782608695648,0.9505589414333672,0.21497649138812605,0.169078624256588,24,False
block_02,trunc_k1,C5,,0.3043478260869565,0.9380881188989534,0.3244341549109199,0.07409385429314208,24,False
block_02,trunc_k2,C1,,0.18869565217391301,0.9505589414333672,0.198510206941376,0.1886078175923628,24,False
block_02,trunc_k2,C5,,0.3182608695652174,0.9380881188989534,0.33926543056399056,0.0648043883703676,24,False
block_02,trunc_k5,C1,,0.03130434782608695,0.9505589414333672,0.032932568893500165,0.44227347782764753,24,False
block_02,trunc_k5,C5,,0.31130434782608696,0.9380881188989534,0.33184979273745524,0.06933777133493857,24,False
block_02,trunc_k10,C1,,0.04,0.9505589414333672,0.042080504697250214,0.42639021971699514,24,False
block_02,trunc_k10,C5,,0.11043478260869564,0.9380881188989534,0.11772325049624809,0.30372662937585543,24,False
block_02,trunc_k20,C1,,-0.00608695652173913,0.9505589414333672,-0.006403555062625033,0.5112598991761421,24,False
block_02,trunc_k20,C5,,-0.07217391304347825,0.9380881188989534,-0.07693724245030387,0.6312405079523709,24,False
block_02,trunc_k135,C1,,-0.11913043478260868,0.9505589414333672,-0.12532672051137564,0.7103620489959375,24,False
block_02,trunc_k135,C5,,0.21826086956521737,0.9380881188989534,0.23266563680754543,0.1527771957922471,24,False
block_03,GradDot_dmean,C1,,0.3834782608695652,0.9505589414333672,0.4034239689453771,0.03217069904610962,24,False
block_03,GradDot_dmean,C5,,0.368695652173913,0.9380881188989534,0.39302880480637153,0.03812484423954127,24,False
block_03,trunc_k0,C1,,0.3834782608695652,0.9505589414333672,0.4034239689453771,0.03217069904610962,24,False
block_03,trunc_k0,C5,,0.368695652173913,0.9380881188989534,0.39302880480637153,0.03812484423954127,24,False
block_03,trunc_k1,C1,,0.19652173913043475,0.9505589414333672,0.206743349164751,0.17868703475795183,24,False
block_03,trunc_k1,C5,,0.32434782608695645,0.9380881188989534,0.3457541136622089,0.06101661942694002,24,False
block_03,trunc_k2,C1,,-0.008695652173913044,0.9505589414333672,-0.009147935803750047,0.5160835029148654,24,False
block_03,trunc_k2,C5,,0.49652173913043474,0.9380881188989534,0.5292911498689579,0.006793590117994562,24,True
block_03,trunc_k5,C1,,-0.02695652173913043,0.9505589414333672,-0.02835860099162514,0.5497508655485589,24,False
block_03,trunc_k5,C5,,0.09130434782608696,0.9380881188989534,0.09733024647327598,0.3356706347823206,24,False
block_03,trunc_k10,C1,,-0.11652173913043477,0.9505589414333672,-0.12258233977025063,0.7061654835244424,24,False
block_03,trunc_k10,C5,,0.03565217391304347,0.9380881188989534,0.03800514386099347,0.4343195231123073,24,False
block_03,trunc_k20,C1,,-0.26608695652173914,0.9505589414333672,-0.27992683559475146,0.8955818925949491,24,False
block_03,trunc_k20,C5,,-0.32695652173913037,0.9380881188989534,-0.34853497784715964,0.9405564575707975,24,False
block_03,trunc_k135,C1,,-0.2217391304347826,0.9505589414333672,-0.2332723629956262,0.8511410712641203,24,False
block_03,trunc_k135,C5,,0.09391304347826085,0.9380881188989534,0.1001111106582267,0.3312426929196674,24,False
block_04,GradDot_dmean,C1,,0.42173913043478256,0.9505589414333672,0.44367488648187725,0.02005183750138349,24,False
block_04,GradDot_dmean,C5,,0.3608695652173913,0.9380881188989534,0.38468621225151933,0.04159729639177143,24,False
block_04,trunc_k0,C1,,0.42173913043478256,0.9505589414333672,0.44367488648187725,0.02005183750138349,24,False
block_04,trunc_k0,C5,,0.3608695652173913,0.9380881188989534,0.38468621225151933,0.04159729639177143,24,False
block_04,trunc_k1,C1,,0.23130434782608694,0.9505589414333672,0.24333509237975123,0.13840894823130748,24,False
block_04,trunc_k1,C5,,0.3539130434782608,0.9380881188989534,0.37727057442498396,0.044879228044911346,24,False
block_04,trunc_k2,C1,,0.11652173913043477,0.9505589414333672,0.12258233977025063,0.29383451647555753,24,False
block_04,trunc_k2,C5,,0.4652173913043478,0.9380881188989534,0.495920779649549,0.010988827282085835,24,False
block_04,trunc_k5,C1,,-0.15304347826086956,0.9505589414333672,-0.1610036701460008,0.7623725161628077,24,False
block_04,trunc_k5,C5,,-0.04434782608695652,0.9380881188989534,-0.04727469114416261,0.5815115079674701,24,False
block_04,trunc_k10,C1,,-0.2052173913043478,0.9505589414333672,-0.21589128496850107,0.8319695551627235,24,False
block_04,trunc_k10,C5,,0.15391304347826085,0.9380881188989534,0.16407098691209376,0.23635993344880765,24,False
block_04,trunc_k20,C1,,-0.25478260869565217,0.9505589414333672,-0.26803451904987635,0.8852205179028918,24,False
block_04,trunc_k20,C5,,-0.0608695652173913,0.9380881188989534,-0.06488683098218398,0.6112359057734226,24,False
block_04,trunc_k135,C1,,-0.3095652173913043,0.9505589414333672,-0.32566651461350166,0.9294942664434477,24,False
block_04,trunc_k135,C5,,0.03130434782608695,0.9380881188989534,0.033370370219408904,0.44227347782764753,24,False
block_05,GradDot_dmean,C1,,0.44695652173913036,0.9505589414333672,0.47020390031275233,0.014273142291222188,24,False
block_05,GradDot_dmean,C5,,0.3739130434782608,0.9380881188989534,0.398590533176273,0.03593503688402976,24,False
block_05,trunc_k0,C1,,0.44695652173913036,0.9505589414333672,0.47020390031275233,0.014273142291222188,24,False
block_05,trunc_k0,C5,,0.3739130434782608,0.9380881188989534,0.398590533176273,0.03593503688402976,24,False
block_05,trunc_k1,C1,,0.2617391304347826,0.9505589414333672,0.27535286769287637,0.10832584897664314,24,False
block_05,trunc_k1,C5,,0.38260869565217387,0.9380881188989534,0.40786008045944216,0.032499849678470485,24,False
block_05,trunc_k2,C1,,0.19913043478260867,0.9505589414333672,0.20948772990587605,0.1754493565384439,24,False
block_05,trunc_k2,C5,,0.45826086956521733,0.9380881188989534,0.4885051418230137,0.012159116503212627,24,False
block_05,trunc_k5,C1,,-0.11826086956521738,0.9505589414333672,-0.12441192693100063,0.7089661033158713,24,False
block_05,trunc_k5,C5,,-0.2269565217391304,0.9380881188989534,-0.24193518409071454,0.856900231398301,24,False
block_05,trunc_k10,C1,,-0.18956521739130433,0.9505589414333672,-0.199425000521751,0.8125098044280425,24,False
block_05,trunc_k10,C5,,-0.017391304347826087,0.9380881188989534,-0.01853909456633828,0.5321427016410414,24,False
block_05,trunc_k20,C1,,-0.25478260869565217,0.9505589414333672,-0.26803451904987635,0.8852205179028918,24,False
block_05,trunc_k20,C5,,-0.15652173913043477,0.9380881188989534,-0.16685185109704453,0.7674218510621545,24,False
block_05,trunc_k135,C1,,-0.05304347826086955,0.9505589414333672,-0.05580240840287527,0.5972206812693983,24,False
block_05,trunc_k135,C5,,0.046956521739130425,0.9380881188989534,0.05005555532911335,0.4137618979324297,24,False
head,GradDot_dmean,C1,,0.48086956521739127,0.9505589414333672,0.5058808499473776,0.008686620791301242,24,True
head,GradDot_dmean,C5,,0.3878260869565217,0.9380881188989534,0.41342180882934365,0.03056315504004058,24,False
head,trunc_k0,C1,,0.48086956521739127,0.9505589414333672,0.5058808499473776,0.008686620791301242,24,True
head,trunc_k0,C5,,0.3878260869565217,0.9380881188989534,0.41342180882934365,0.03056315504004058,24,False
head,trunc_k1,C1,,0.3426086956521739,0.9505589414333672,0.3604286706677518,0.05062024503528925,24,False
head,trunc_k1,C5,,0.31478260869565217,0.9380881188989534,0.3355576116507229,0.06704353419973938,24,False
head,trunc_k2,C1,,0.13999999999999999,0.9505589414333672,0.14728176644037574,0.2570493454645214,24,False
head,trunc_k2,C5,,0.4260869565217391,0.9380881188989534,0.4542078168752879,0.018942152406185592,24,False
head,trunc_k5,C1,,-0.10173913043478258,0.9505589414333672,-0.10703084890387553,0.6819081088971573,24,False
head,trunc_k5,C5,,-0.33826086956521734,0.9380881188989534,-0.3605853893152795,0.9470327989183898,24,False
head,trunc_k10,C1,,-0.268695652173913,0.9505589414333672,-0.2826712163358764,0.8978803703132554,24,False
head,trunc_k10,C5,,-0.13652173913043478,0.9380881188989534,-0.1455318923457555,0.7376451902760786,24,False
head,trunc_k20,C1,,-0.13304347826086957,0.9505589414333672,-0.13996341779737573,0.7322881337281901,24,False
head,trunc_k20,C5,,0.35739130434782607,0.9380881188989534,0.3809783933382517,0.04321487841069335,24,False
head,trunc_k135,C1,,-0.21304347826086956,0.9505589414333672,-0.22412442719187614,0.8412273737743545,24,False
head,trunc_k135,C5,,-0.22347826086956518,0.9380881188989534,-0.2382273651774469,0.8530765642825728,24,False
last_block,GradDot_dmean,C1,,0.44695652173913036,0.9505589414333672,0.47020390031275233,0.014273142291222188,24,False
last_block,GradDot_dmean,C5,,0.3739130434782608,0.9380881188989534,0.398590533176273,0.03593503688402976,24,False
last_block,trunc_k0,C1,,0.44695652173913036,0.9505589414333672,0.47020390031275233,0.014273142291222188,24,False
last_block,trunc_k0,C5,,0.3739130434782608,0.9380881188989534,0.398590533176273,0.03593503688402976,24,False
last_block,trunc_k1,C1,,0.2617391304347826,0.9505589414333672,0.27535286769287637,0.10832584897664314,24,False
last_block,trunc_k1,C5,,0.38260869565217387,0.9380881188989534,0.40786008045944216,0.032499849678470485,24,False
last_block,trunc_k2,C1,,0.19913043478260867,0.9505589414333672,0.20948772990587605,0.1754493565384439,24,False
last_block,trunc_k2,C5,,0.45826086956521733,0.9380881188989534,0.4885051418230137,0.012159116503212627,24,False
last_block,trunc_k5,C1,,-0.11826086956521738,0.9505589414333672,-0.12441192693100063,0.7089661033158713,24,False
last_block,trunc_k5,C5,,-0.2269565217391304,0.9380881188989534,-0.24193518409071454,0.856900231398301,24,False
last_block,trunc_k10,C1,,-0.18956521739130433,0.9505589414333672,-0.199425000521751,0.8125098044280425,24,False
last_block,trunc_k10,C5,,-0.017391304347826087,0.9380881188989534,-0.01853909456633828,0.5321427016410414,24,False
last_block,trunc_k20,C1,,-0.25478260869565217,0.9505589414333672,-0.26803451904987635,0.8852205179028918,24,False
last_block,trunc_k20,C5,,-0.15652173913043477,0.9380881188989534,-0.16685185109704453,0.7674218510621545,24,False
last_block,trunc_k135,C1,,-0.05304347826086955,0.9505589414333672,-0.05580240840287527,0.5972206812693983,24,False
last_block,trunc_k135,C5,,0.046956521739130425,0.9380881188989534,0.05005555532911335,0.4137618979324297,24,False
head_plus_last_block,GradDot_dmean,C1,,0.48086956521739127,0.9505589414333672,0.5058808499473776,0.008686620791301242,24,True
head_plus_last_block,GradDot_dmean,C5,,0.3878260869565217,0.9380881188989534,0.41342180882934365,0.03056315504004058,24,False
head_plus_last_block,trunc_k0,C1,,0.48086956521739127,0.9505589414333672,0.5058808499473776,0.008686620791301242,24,True
head_plus_last_block,trunc_k0,C5,,0.3878260869565217,0.9380881188989534,0.41342180882934365,0.03056315504004058,24,False
head_plus_last_block,trunc_k1,C1,,0.3426086956521739,0.9505589414333672,0.3604286706677518,0.05062024503528925,24,False
head_plus_last_block,trunc_k1,C5,,0.31478260869565217,0.9380881188989534,0.3355576116507229,0.06704353419973938,24,False
head_plus_last_block,trunc_k2,C1,,0.13043478260869562,0.9505589414333672,0.13721903705625066,0.27176298760879264,24,False
head_plus_last_block,trunc_k2,C5,,0.4260869565217391,0.9380881188989534,0.4542078168752879,0.018942152406185592,24,False
head_plus_last_block,trunc_k5,C1,,-0.10173913043478258,0.9505589414333672,-0.10703084890387553,0.6819081088971573,24,False
head_plus_last_block,trunc_k5,C5,,-0.33826086956521734,0.9380881188989534,-0.3605853893152795,0.9470327989183898,24,False
head_plus_last_block,trunc_k10,C1,,-0.2582608695652174,0.9505589414333672,-0.2716936933713764,0.8884783909341032,24,False
head_plus_last_block,trunc_k10,C5,,-0.13652173913043478,0.9380881188989534,-0.1455318923457555,0.7376451902760786,24,False
head_plus_last_block,trunc_k20,C1,,-0.1452173913043478,0.9505589414333672,-0.15277052792262574,0.7508102653771943,24,False
head_plus_last_block,trunc_k20,C5,,0.36173913043478256,0.9380881188989534,0.3856131669798362,0.04120012080471129,24,False
head_plus_last_block,trunc_k135,C1,,-0.2226086956521739,0.9505589414333672,-0.23418715657600117,0.852110788732789,24,False
head_plus_last_block,trunc_k135,C5,,-0.23217391304347823,0.9380881188989534,-0.24749691246061603,0.8625173794084112,24,False
