weighting,estimator,target,obs_source,lds,ceiling,ratio,p,n,passed
plain,GradDot_dmean,C1,campaign,0.44695652173913036,0.9410990938322127,0.474930349703235,0.014273142291222188,24,False
plain,GradDot_dmean,C5,campaign,0.34434782608695647,0.9201515812066131,0.3742294564504321,0.04970335049650835,24,False
plain,trunc_k0,C1,campaign,0.44695652173913036,0.9410990938322127,0.474930349703235,0.014273142291222188,24,False
plain,trunc_k0,C5,campaign,0.34434782608695647,0.9201515812066131,0.3742294564504321,0.04970335049650835,24,False
plain,trunc_k1,C1,campaign,0.28521739130434776,0.9410990938322127,0.30306839436315386,0.08835698452439676,24,False
plain,trunc_k1,C5,campaign,0.2452173913043478,0.9201515812066131,0.2664967341389441,0.12406064953775087,24,False
plain,trunc_k2,C1,campaign,0.06,0.9410990938322127,0.06375524149712689,0.39031504777820597,24,False
plain,trunc_k2,C5,campaign,0.35478260869565215,0.9201515812066131,0.38556974300953617,0.04445871553657303,24,False
plain,trunc_k5,C1,campaign,0.013043478260869565,0.9410990938322127,0.013859835108071062,0.4758823434001502,24,False
plain,trunc_k5,C5,campaign,-0.3408695652173913,0.9201515812066131,-0.37044936093073083,0.9484503969443874,24,False
plain,trunc_k10,C1,campaign,-0.08086956521739129,0.9410990938322127,-0.08593097767004057,0.6464096247658809,24,False
plain,trunc_k10,C5,campaign,0.01217391304347826,0.9201515812066131,0.013230334318954673,0.4774885423248923,24,False
transport,GradDot_dmean,C1,campaign,-0.21652173913043476,0.92933144174499,-0.23298656367837456,0.8452400512188498,24,False
transport,GradDot_dmean,C5,campaign,-0.44695652173913036,0.9119375246390958,-0.49011748026929347,0.9857268577087778,24,False
transport,trunc_k0,C1,campaign,-0.21652173913043476,0.92933144174499,-0.23298656367837456,0.8452400512188498,24,False
transport,trunc_k0,C5,campaign,-0.44695652173913036,0.9119375246390958,-0.49011748026929347,0.9857268577087778,24,False
transport,trunc_k1,C1,campaign,0.005217391304347826,0.92933144174499,0.005614134064539146,0.4903483416267896,24,False
transport,trunc_k1,C5,campaign,-0.29565217391304344,0.9119375246390958,-0.3242022243026455,0.9196410533188785,24,False
transport,trunc_k2,C1,campaign,0.17043478260869566,0.92933144174499,0.18339504610827878,0.21294776815372396,24,False
transport,trunc_k2,C5,campaign,-0.1434782608695652,0.9119375246390958,-0.15733343238216618,0.7482036768912318,24,False
transport,trunc_k5,C1,campaign,0.20869565217391303,0.92933144174499,0.22456536258156584,0.16387674188352389,24,False
transport,trunc_k5,C5,campaign,-0.25565217391304346,0.9119375246390958,-0.2803395704264052,0.8860408220724741,24,False
transport,trunc_k10,C1,campaign,-0.23217391304347823,0.92933144174499,-0.249828965871992,0.8625173794084112,24,False
transport,trunc_k10,C5,campaign,-0.04869565217391304,0.9119375246390958,-0.05339801341455338,0.5893827634988733,24,False
interaction,GradDot_dmean,C1,campaign,0.5060869565217391,0.9615769124650185,0.5263093882156308,0.005813764141680733,24,True
interaction,GradDot_dmean,C5,campaign,0.4530434782608695,0.9234569735693455,0.4905951129588269,0.013101068152129266,24,False
interaction,trunc_k0,C1,campaign,0.5060869565217391,0.9615769124650185,0.5263093882156308,0.005813764141680733,24,True
interaction,trunc_k0,C5,campaign,0.4530434782608695,0.9234569735693455,0.4905951129588269,0.013101068152129266,24,False
interaction,trunc_k1,C1,campaign,0.4626086956521739,0.9615769124650185,0.4810938050355938,0.01141651710265679,24,False
interaction,trunc_k1,C5,campaign,0.4234782608695652,0.9234569735693455,0.45857930904212807,0.019601973796970786,24,False
interaction,trunc_k2,C1,campaign,0.2539130434782608,0.9615769124650185,0.2640590057714161,0.11560368258372715,24,False
interaction,trunc_k2,C5,campaign,0.4513043478260869,0.9234569735693455,0.4887118303754917,0.01342776013780395,24,False
interaction,trunc_k5,C1,campaign,-0.23826086956521736,0.9615769124650185,-0.2477813958266028,0.8688912452391819,24,False
interaction,trunc_k5,C5,campaign,0.07478260869565216,0.9234569735693455,0.0809811510834148,0.36418758077877716,24,False
interaction,trunc_k10,C1,campaign,-0.23217391304347823,0.9615769124650185,-0.24145121418139764,0.8625173794084112,24,False
interaction,trunc_k10,C5,campaign,0.13739130434782607,0.9234569735693455,0.14877932408348302,0.2610235731636652,24,False
ens_var,GradDot_dmean,C1,campaign,-0.049565217391304345,0.9136668803346715,-0.05424867471736401,0.5909531051984646,24,False
ens_var,GradDot_dmean,C5,campaign,0.3417391304347826,0.9292246300504351,0.3677680502466171,0.05108336060409125,24,False
ens_var,trunc_k0,C1,campaign,-0.049565217391304345,0.9136668803346715,-0.05424867471736401,0.5909531051984646,24,False
ens_var,trunc_k0,C5,campaign,0.3417391304347826,0.9292246300504351,0.3677680502466171,0.05108336060409125,24,False
ens_var,trunc_k1,C1,campaign,-0.3060869565217391,0.9136668803346715,-0.33500935965810763,0.9271162952067029,24,False
ens_var,trunc_k1,C5,campaign,0.3278260869565217,0.9292246300504351,0.35279530519840874,0.058925810544442965,24,False
ens_var,trunc_k2,C1,campaign,-0.34434782608695647,0.9136668803346715,-0.37688552961537103,0.9502966495034917,24,False
ens_var,trunc_k2,C5,campaign,0.28521739130434776,0.9292246300504351,0.3069412734882707,0.08835698452439676,24,False
ens_var,trunc_k5,C1,campaign,-0.49391304347826087,0.9136668803346715,-0.5405832849028555,0.992916865989726,24,False
ens_var,trunc_k5,C5,campaign,-0.2078260869565217,0.9292246300504351,-0.22365537915761188,0.8350906910972411,24,False
ens_var,trunc_k10,C1,campaign,-0.548695652173913,0.9136668803346715,-0.6005423464325735,0.99725225905691,24,False
ens_var,trunc_k10,C5,campaign,0.11913043478260868,0.9292246300504351,0.1282041294752838,0.28963795100406253,24,False
ens_var_q75,GradDot_dmean,C1,campaign,0.2504347826086956,0.9143627781523938,0.2738899576760292,0.11893951138485667,24,False
ens_var_q75,GradDot_dmean,C5,campaign,0.38608695652173913,0.8979354352926859,0.4299718457996843,0.03119857978382517,24,False
ens_var_q75,trunc_k0,C1,campaign,0.2504347826086956,0.9143627781523938,0.2738899576760292,0.11893951138485667,24,False
ens_var_q75,trunc_k0,C5,campaign,0.38608695652173913,0.8979354352926859,0.4299718457996843,0.03119857978382517,24,False
ens_var_q75,trunc_k1,C1,campaign,-0.17130434782608694,0.9143627781523938,-0.18734833910478388,0.7882484316077977,24,False
ens_var_q75,trunc_k1,C5,campaign,0.3834782608695652,0.8979354352926859,0.4270666306253621,0.03217069904610962,24,False
ens_var_q75,trunc_k2,C1,campaign,-0.054782608695652164,0.9143627781523938,-0.059913428241631386,0.6003458782558679,24,False
ens_var_q75,trunc_k2,C5,campaign,0.477391304347826,0.8979354352926859,0.5316543769009608,0.009160785730716742,24,True
ens_var_q75,trunc_k5,C1,campaign,-0.08695652173913042,0.9143627781523938,-0.09510067974862126,0.6569023373507357,24,False
ens_var_q75,trunc_k5,C5,campaign,-0.013913043478260868,0.8979354352926859,-0.01549448092971835,0.5257234911491075,24,False
ens_var_q75,trunc_k10,C1,campaign,-0.4913043478260869,0.9143627781523938,-0.5373188405797101,0.992617283290372,24,False
ens_var_q75,trunc_k10,C5,campaign,0.08608695652173912,0.8979354352926859,0.09587210075263229,0.34458996293878885,24,False
fail_div,GradDot_dmean,C1,campaign,-0.07391304347826086,0.9501939858939108,-0.07778731982683088,0.6342904103037983,24,False
fail_div,GradDot_dmean,C5,campaign,0.497391304347826,0.9291652810109744,0.5353098254022595,0.00669926247674022,24,True
fail_div,trunc_k0,C1,campaign,-0.07391304347826086,0.9501939858939108,-0.07778731982683088,0.6342904103037983,24,False
fail_div,trunc_k0,C5,campaign,0.497391304347826,0.9291652810109744,0.5353098254022595,0.00669926247674022,24,True
fail_div,trunc_k1,C1,campaign,-0.16260869565217392,0.9501939858939108,-0.17113210361902795,0.7761229243087924,24,False
fail_div,trunc_k1,C5,campaign,0.4156521739130434,0.9291652810109744,0.44733932961937056,0.0216907741901654,24,False
fail_div,trunc_k2,C1,campaign,-0.15217391304347824,0.9501939858939108,-0.16015036434935767,0.761101506404845,24,False
fail_div,trunc_k2,C5,campaign,0.46782608695652167,0.9291652810109744,0.5034907099063209,0.010574182422816165,24,True
fail_div,trunc_k5,C1,campaign,-0.3808695652173913,0.9501939858939108,-0.4008334833429638,0.9668341093930704,24,False
fail_div,trunc_k5,C5,campaign,-0.04608695652173912,0.9291652810109744,-0.04960038592013942,0.5846638280338823,24,False
fail_div,trunc_k10,C1,campaign,-0.5330434782608695,0.9501939858939108,-0.5609838476923215,0.9963411109645299,24,False
fail_div,trunc_k10,C5,campaign,0.07478260869565216,0.9291652810109744,0.08048364507796207,0.36418758077877716,24,False
fail_div_q75,GradDot_dmean,C1,campaign,0.02869565217391304,0.9336924486439349,0.030733516390316414,0.44705645728753285,24,False
fail_div_q75,GradDot_dmean,C5,campaign,0.45999999999999996,0.9167893906659988,0.5017510070288165,0.011857543834935312,24,True
fail_div_q75,trunc_k0,C1,campaign,0.02869565217391304,0.9336924486439349,0.030733516390316414,0.44705645728753285,24,False
fail_div_q75,trunc_k0,C5,campaign,0.45999999999999996,0.9167893906659988,0.5017510070288165,0.011857543834935312,24,True
fail_div_q75,trunc_k1,C1,campaign,-0.27304347826086955,0.9336924486439349,-0.29243406504725317,0.9016346385548729,24,False
fail_div_q75,trunc_k1,C5,campaign,0.4556521739130434,0.9167893906659988,0.49700855894725865,0.012623027821022719,24,False
fail_div_q75,trunc_k2,C1,campaign,-0.27304347826086955,0.9336924486439349,-0.29243406504725317,0.9016346385548729,24,False
fail_div_q75,trunc_k2,C5,campaign,0.46782608695652167,0.9167893906659988,0.5102874135756205,0.010574182422816165,24,True
fail_div_q75,trunc_k5,C1,campaign,-0.5895652173913043,0.9336924486439349,-0.6314340640192282,0.9987847724043538,24,False
fail_div_q75,trunc_k5,C5,campaign,0.1391304347826087,0.9167893906659988,0.15175833860985,0.25837082775812537,24,False
fail_div_q75,trunc_k10,C1,campaign,-0.5556521739130434,0.9336924486439349,-0.5951126355579451,0.9975912994768334,24,False
fail_div_q75,trunc_k10,C5,campaign,0.23391304347826083,0.9167893906659988,0.25514370678781023,0.13564179991434117,24,False
