group,lam_rel,method,frac_preconditioned,target,lds,ceiling,ratio,p,n,passed
ALL,0.0,none,0.7520680242331597,C1,0.4834782608695652,0.9505589414333672,0.5086252306885026,0.008344281658814063,24,True
ALL,0.0,none,0.7520680242331597,C5,0.37652173913043474,0.9380881188989534,0.40137139736122374,0.03487671002196547,24,False
ALL,0.0001,kfac,0.7520680242331597,C1,0.3356521739130434,0.9505589414333672,0.35311032202475173,0.054413332947234855,24,False
ALL,0.0001,kfac,0.7520680242331597,C5,0.3817391304347826,0.9380881188989534,0.4069331257311253,0.032831576128223114,24,False
ALL,0.01,kfac,0.7520680242331597,C1,0.3356521739130434,0.9505589414333672,0.35311032202475173,0.054413332947234855,24,False
ALL,0.01,kfac,0.7520680242331597,C5,0.3817391304347826,0.9380881188989534,0.4069331257311253,0.032831576128223114,24,False
ALL,1.0,kfac,0.7520680242331597,C1,0.3356521739130434,0.9505589414333672,0.35311032202475173,0.054413332947234855,24,False
ALL,1.0,kfac,0.7520680242331597,C5,0.3817391304347826,0.9380881188989534,0.4069331257311253,0.032831576128223114,24,False
ALL,100.0,kfac,0.7520680242331597,C1,0.3356521739130434,0.9505589414333672,0.35311032202475173,0.054413332947234855,24,False
ALL,100.0,kfac,0.7520680242331597,C5,0.3817391304347826,0.9380881188989534,0.4069331257311253,0.032831576128223114,24,False
ALL,10000.0,kfac,0.7520680242331597,C1,0.3356521739130434,0.9505589414333672,0.35311032202475173,0.054413332947234855,24,False
ALL,10000.0,kfac,0.7520680242331597,C5,0.3817391304347826,0.9380881188989534,0.4069331257311253,0.032831576128223114,24,False
ALL,0.0001,ekfac,0.7520680242331597,C1,0.3878260869565217,0.9505589414333672,0.40799793684725205,0.03056315504004058,24,False
ALL,0.0001,ekfac,0.7520680242331597,C5,0.40086956521739125,0.9380881188989534,0.42732612975409734,0.02610973041064812,24,False
ALL,0.01,ekfac,0.7520680242331597,C1,0.3878260869565217,0.9505589414333672,0.40799793684725205,0.03056315504004058,24,False
ALL,0.01,ekfac,0.7520680242331597,C5,0.40086956521739125,0.9380881188989534,0.42732612975409734,0.02610973041064812,24,False
ALL,1.0,ekfac,0.7520680242331597,C1,0.3878260869565217,0.9505589414333672,0.40799793684725205,0.03056315504004058,24,False
ALL,1.0,ekfac,0.7520680242331597,C5,0.38260869565217387,0.9380881188989534,0.40786008045944216,0.032499849678470485,24,False
ALL,100.0,ekfac,0.7520680242331597,C1,0.3921739130434782,0.9505589414333672,0.4125719047491271,0.02901816943512534,24,False
ALL,100.0,ekfac,0.7520680242331597,C5,0.38260869565217387,0.9380881188989534,0.40786008045944216,0.032499849678470485,24,False
ALL,10000.0,ekfac,0.7520680242331597,C1,0.3921739130434782,0.9505589414333672,0.4125719047491271,0.02901816943512534,24,False
ALL,10000.0,ekfac,0.7520680242331597,C5,0.38260869565217387,0.9380881188989534,0.40786008045944216,0.032499849678470485,24,False
head,0.0,none,0.9721765107977417,C1,0.48086956521739127,0.9505589414333672,0.5058808499473776,0.008686620791301242,24,True
head,0.0,none,0.9721765107977417,C5,0.3878260869565217,0.9380881188989534,0.41342180882934365,0.03056315504004058,24,False
head,0.0001,kfac,0.9721765107977417,C1,0.47913043478260864,0.9505589414333672,0.5040512627866275,0.008921139192505636,24,True
head,0.0001,kfac,0.9721765107977417,C5,0.37652173913043474,0.9380881188989534,0.40137139736122374,0.03487671002196547,24,False
head,0.01,kfac,0.9721765107977417,C1,0.4765217391304347,0.9505589414333672,0.5013068820455026,0.009282557507176999,24,True
head,0.01,kfac,0.9721765107977417,C5,0.37652173913043474,0.9380881188989534,0.40137139736122374,0.03487671002196547,24,False
head,1.0,kfac,0.9721765107977417,C1,0.48086956521739127,0.9505589414333672,0.5058808499473776,0.008686620791301242,24,True
head,1.0,kfac,0.9721765107977417,C5,0.37652173913043474,0.9380881188989534,0.40137139736122374,0.03487671002196547,24,False
head,100.0,kfac,0.9721765107977417,C1,0.48086956521739127,0.9505589414333672,0.5058808499473776,0.008686620791301242,24,True
head,100.0,kfac,0.9721765107977417,C5,0.37652173913043474,0.9380881188989534,0.40137139736122374,0.03487671002196547,24,False
head,10000.0,kfac,0.9721765107977417,C1,0.48086956521739127,0.9505589414333672,0.5058808499473776,0.008686620791301242,24,True
head,10000.0,kfac,0.9721765107977417,C5,0.37652173913043474,0.9380881188989534,0.40137139736122374,0.03487671002196547,24,False
head,0.0001,ekfac,0.9721765107977417,C1,0.48086956521739127,0.9505589414333672,0.5058808499473776,0.008686620791301242,24,True
head,0.0001,ekfac,0.9721765107977417,C5,0.37652173913043474,0.9380881188989534,0.40137139736122374,0.03487671002196547,24,False
head,0.01,ekfac,0.9721765107977417,C1,0.48086956521739127,0.9505589414333672,0.5058808499473776,0.008686620791301242,24,True
head,0.01,ekfac,0.9721765107977417,C5,0.37652173913043474,0.9380881188989534,0.40137139736122374,0.03487671002196547,24,False
head,1.0,ekfac,0.9721765107977417,C1,0.48086956521739127,0.9505589414333672,0.5058808499473776,0.008686620791301242,24,True
head,1.0,ekfac,0.9721765107977417,C5,0.37652173913043474,0.9380881188989534,0.40137139736122374,0.03487671002196547,24,False
head,100.0,ekfac,0.9721765107977417,C1,0.48086956521739127,0.9505589414333672,0.5058808499473776,0.008686620791301242,24,True
head,100.0,ekfac,0.9721765107977417,C5,0.37652173913043474,0.9380881188989534,0.40137139736122374,0.03487671002196547,24,False
head,10000.0,ekfac,0.9721765107977417,C1,0.48086956521739127,0.9505589414333672,0.5058808499473776,0.008686620791301242,24,True
head,10000.0,ekfac,0.9721765107977417,C5,0.37652173913043474,0.9380881188989534,0.40137139736122374,0.03487671002196547,24,False
embed,0.0,none,0.9770992366412213,C1,0.26347826086956516,0.9505589414333672,0.27718245485362636,0.10675118329261908,24,False
embed,0.0,none,0.9770992366412213,C5,0.4547826086956522,0.9380881188989534,0.4847973229097461,0.01278078985201723,24,False
embed,0.0001,kfac,0.9770992366412213,C1,0.3043478260869565,0.9505589414333672,0.32017775313125163,0.07409385429314208,24,False
embed,0.0001,kfac,0.9770992366412213,C5,0.5765217391304347,0.9380881188989534,0.614570984874114,0.0015947071317874745,24,True
embed,0.01,kfac,0.9770992366412213,C1,0.2791304347826086,0.9505589414333672,0.29364873930037644,0.0932689803785228,24,False
embed,0.01,kfac,0.9770992366412213,C5,0.5747826086956522,0.9380881188989534,0.6127170754174803,0.0016521659125182317,24,True
embed,1.0,kfac,0.9770992366412213,C1,0.23130434782608694,0.9505589414333672,0.24333509237975123,0.13840894823130748,24,False
embed,1.0,kfac,0.9770992366412213,C5,0.4669565217391304,0.9380881188989534,0.49777468910618283,0.010710965839107639,24,False
embed,100.0,kfac,0.9770992366412213,C1,0.029565217391304344,0.9505589414333672,0.031102981732750157,0.44546130218835234,24,False
embed,100.0,kfac,0.9770992366412213,C5,0.29913043478260865,0.9380881188989534,0.3188724265410184,0.0778097772313975,24,False
embed,10000.0,kfac,0.9770992366412213,C1,0.01652173913043478,0.9505589414333672,0.017381078027125088,0.46946143347275515,24,False
embed,10000.0,kfac,0.9770992366412213,C5,0.27999999999999997,0.9380881188989534,0.2984794225180463,0.09255602682566309,24,False
embed,0.0001,ekfac,0.9770992366412213,C1,0.01652173913043478,0.9505589414333672,0.017381078027125088,0.46946143347275515,24,False
embed,0.0001,ekfac,0.9770992366412213,C5,0.27999999999999997,0.9380881188989534,0.2984794225180463,0.09255602682566309,24,False
embed,0.01,ekfac,0.9770992366412213,C1,0.01652173913043478,0.9505589414333672,0.017381078027125088,0.46946143347275515,24,False
embed,0.01,ekfac,0.9770992366412213,C5,0.27999999999999997,0.9380881188989534,0.2984794225180463,0.09255602682566309,24,False
embed,1.0,ekfac,0.9770992366412213,C1,0.01652173913043478,0.9505589414333672,0.017381078027125088,0.46946143347275515,24,False
embed,1.0,ekfac,0.9770992366412213,C5,0.27999999999999997,0.9380881188989534,0.2984794225180463,0.09255602682566309,24,False
embed,100.0,ekfac,0.9770992366412213,C1,0.01652173913043478,0.9505589414333672,0.017381078027125088,0.46946143347275515,24,False
embed,100.0,ekfac,0.9770992366412213,C5,0.27999999999999997,0.9380881188989534,0.2984794225180463,0.09255602682566309,24,False
embed,10000.0,ekfac,0.9770992366412213,C1,0.01652173913043478,0.9505589414333672,0.017381078027125088,0.46946143347275515,24,False
embed,10000.0,ekfac,0.9770992366412213,C5,0.27999999999999997,0.9380881188989534,0.2984794225180463,0.09255602682566309,24,False
block_00,0.0,none,0.7484164365762547,C1,0.04,0.9505589414333672,0.042080504697250214,0.42639021971699514,24,False
block_00,0.0,none,0.7484164365762547,C5,0.5243478260869565,0.9380881188989534,0.5589537011750992,0.004265544430594882,24,True
block_00,0.0001,kfac,0.7484164365762547,C1,0.034782608695652174,0.9505589414333672,0.03659174321500019,0.4359084359893287,24,False
block_00,0.0001,kfac,0.7484164365762547,C5,0.40956521739130425,0.9380881188989534,0.4365956770372664,0.023433084632456577,24,False
block_00,0.01,kfac,0.7484164365762547,C1,0.034782608695652174,0.9505589414333672,0.03659174321500019,0.4359084359893287,24,False
block_00,0.01,kfac,0.7484164365762547,C5,0.40956521739130425,0.9380881188989534,0.4365956770372664,0.023433084632456577,24,False
block_00,1.0,kfac,0.7484164365762547,C1,0.034782608695652174,0.9505589414333672,0.03659174321500019,0.4359084359893287,24,False
block_00,1.0,kfac,0.7484164365762547,C5,0.40956521739130425,0.9380881188989534,0.4365956770372664,0.023433084632456577,24,False
block_00,100.0,kfac,0.7484164365762547,C1,0.034782608695652174,0.9505589414333672,0.03659174321500019,0.4359084359893287,24,False
block_00,100.0,kfac,0.7484164365762547,C5,0.40956521739130425,0.9380881188989534,0.4365956770372664,0.023433084632456577,24,False
block_00,10000.0,kfac,0.7484164365762547,C1,0.034782608695652174,0.9505589414333672,0.03659174321500019,0.4359084359893287,24,False
block_00,10000.0,kfac,0.7484164365762547,C5,0.40956521739130425,0.9380881188989534,0.4365956770372664,0.023433084632456577,24,False
block_00,0.0001,ekfac,0.7484164365762547,C1,0.17304347826086955,0.9505589414333672,0.18204392249462592,0.2093701747861174,24,False
block_00,0.0001,ekfac,0.7484164365762547,C5,0.48173913043478256,0.9380881188989534,0.5135329194875704,0.008571259336209837,24,True
block_00,0.01,ekfac,0.7484164365762547,C1,0.16869565217391302,0.9505589414333672,0.1774699545927509,0.21535113086049065,24,False
block_00,0.01,ekfac,0.7484164365762547,C5,0.47478260869565214,0.9380881188989534,0.5061172816610351,0.009530049333680308,24,True
block_00,1.0,ekfac,0.7484164365762547,C1,0.16869565217391302,0.9505589414333672,0.1774699545927509,0.21535113086049065,24,False
block_00,1.0,ekfac,0.7484164365762547,C5,0.45739130434782604,0.9380881188989534,0.48757818709469675,0.012312202248102802,24,False
block_00,100.0,ekfac,0.7484164365762547,C1,0.17565217391304347,0.9505589414333672,0.18478830323575093,0.20582572348752698,24,False
block_00,100.0,ekfac,0.7484164365762547,C5,0.46347826086956523,0.9380881188989534,0.49406687019291523,0.011272486426091563,24,False
block_00,10000.0,ekfac,0.7484164365762547,C1,0.17565217391304347,0.9505589414333672,0.18478830323575093,0.20582572348752698,24,False
block_00,10000.0,ekfac,0.7484164365762547,C5,0.46347826086956523,0.9380881188989534,0.49406687019291523,0.011272486426091563,24,False
last_block,0.0,none,0.7484164365762547,C1,0.44695652173913036,0.9505589414333672,0.47020390031275233,0.014273142291222188,24,False
last_block,0.0,none,0.7484164365762547,C5,0.3739130434782608,0.9380881188989534,0.398590533176273,0.03593503688402976,24,False
last_block,0.0001,kfac,0.7484164365762547,C1,0.4434782608695652,0.9505589414333672,0.4665447259912524,0.014979669843233775,24,False
last_block,0.0001,kfac,0.7484164365762547,C5,0.37739130434782603,0.9380881188989534,0.4022983520895407,0.03452927263833055,24,False
last_block,0.01,kfac,0.7484164365762547,C1,0.4434782608695652,0.9505589414333672,0.4665447259912524,0.014979669843233775,24,False
last_block,0.01,kfac,0.7484164365762547,C5,0.37739130434782603,0.9380881188989534,0.4022983520895407,0.03452927263833055,24,False
last_block,1.0,kfac,0.7484164365762547,C1,0.4434782608695652,0.9505589414333672,0.4665447259912524,0.014979669843233775,24,False
last_block,1.0,kfac,0.7484164365762547,C5,0.37739130434782603,0.9380881188989534,0.4022983520895407,0.03452927263833055,24,False
last_block,100.0,kfac,0.7484164365762547,C1,0.4434782608695652,0.9505589414333672,0.4665447259912524,0.014979669843233775,24,False
last_block,100.0,kfac,0.7484164365762547,C5,0.37739130434782603,0.9380881188989534,0.4022983520895407,0.03452927263833055,24,False
last_block,10000.0,kfac,0.7484164365762547,C1,0.4434782608695652,0.9505589414333672,0.4665447259912524,0.014979669843233775,24,False
last_block,10000.0,kfac,0.7484164365762547,C5,0.37739130434782603,0.9380881188989534,0.4022983520895407,0.03452927263833055,24,False
last_block,0.0001,ekfac,0.7484164365762547,C1,0.4252173913043478,0.9505589414333672,0.4473340608033773,0.019160112364384793,24,False
last_block,0.0001,ekfac,0.7484164365762547,C5,0.40347826086956523,0.9380881188989534,0.43010699393904817,0.025282957823212927,24,False
last_block,0.01,ekfac,0.7484164365762547,C1,0.4252173913043478,0.9505589414333672,0.4473340608033773,0.019160112364384793,24,False
last_block,0.01,ekfac,0.7484164365762547,C5,0.40347826086956523,0.9380881188989534,0.43010699393904817,0.025282957823212927,24,False
last_block,1.0,ekfac,0.7484164365762547,C1,0.4252173913043478,0.9505589414333672,0.4473340608033773,0.019160112364384793,24,False
last_block,1.0,ekfac,0.7484164365762547,C5,0.40347826086956523,0.9380881188989534,0.43010699393904817,0.025282957823212927,24,False
last_block,100.0,ekfac,0.7484164365762547,C1,0.4252173913043478,0.9505589414333672,0.4473340608033773,0.019160112364384793,24,False
last_block,100.0,ekfac,0.7484164365762547,C5,0.40347826086956523,0.9380881188989534,0.43010699393904817,0.025282957823212927,24,False
last_block,10000.0,ekfac,0.7484164365762547,C1,0.4252173913043478,0.9505589414333672,0.4473340608033773,0.019160112364384793,24,False
last_block,10000.0,ekfac,0.7484164365762547,C5,0.40347826086956523,0.9380881188989534,0.43010699393904817,0.025282957823212927,24,False
