group,density,n_ckpt,lr_weighted,estimator,target,lds,ceiling,ratio,p,n,passed
ALL,last1,1,False,TracIn,C1,0.4278260869565217,0.82979067062928,0.515583148979098,0.018512113969280215,24,True
ALL,last1,1,False,TracIn,C5,0.18608695652173912,0.8444377100886411,0.22036789013390398,0.19198351698587418,24,False
ALL,last1,1,False,TracIn_trunc_k1,C1,-0.12608695652173912,0.82979067062928,-0.15195031829668537,0.7214227961655157,24,False
ALL,last1,1,False,TracIn_trunc_k1,C5,-0.08608695652173912,0.8444377100886411,-0.1019458930993294,0.6554100370612111,24,False
ALL,last1,1,False,TracIn_trunc_k5,C1,-0.04869565217391304,0.82979067062928,-0.05868426085940953,0.5893827634988733,24,False
ALL,last1,1,False,TracIn_trunc_k5,C5,-0.07913043478260869,0.8444377100886411,-0.09370784113170683,0.6433922104491943,24,False
ALL,last2,2,True,TracIn,C1,0.4252173913043478,0.82979067062928,0.5124393492902011,0.019160112364384793,24,True
ALL,last2,2,True,TracIn,C5,0.18608695652173912,0.8444377100886411,0.22036789013390398,0.19198351698587418,24,False
ALL,last2,2,True,TracIn_trunc_k1,C1,-0.33999999999999997,0.82979067062928,-0.40974189278623435,0.9479810166509028,24,False
ALL,last2,2,True,TracIn_trunc_k1,C5,-0.12347826086956522,0.8444377100886411,-0.1462254224253008,0.7172975024289017,24,False
ALL,last2,2,True,TracIn_trunc_k5,C1,-0.21565217391304345,0.82979067062928,-0.2598874409488136,0.8442427754357446,24,False
ALL,last2,2,True,TracIn_trunc_k5,C5,0.06,0.8444377100886411,0.07105319822074474,0.39031504777820597,24,False
ALL,last2,2,False,TracIn,C1,0.42,0.82979067062928,0.5061517499124072,0.020509800007056437,24,True
ALL,last2,2,False,TracIn,C5,0.18608695652173912,0.8444377100886411,0.22036789013390398,0.19198351698587418,24,False
ALL,last2,2,False,TracIn_trunc_k1,C1,-0.3095652173913043,0.82979067062928,-0.3730642297491034,0.9294942664434477,24,False
ALL,last2,2,False,TracIn_trunc_k1,C5,-0.09826086956521737,0.8444377100886411,-0.11636248404266891,0.6760884381433175,24,False
ALL,last2,2,False,TracIn_trunc_k5,C1,-0.21913043478260866,0.82979067062928,-0.26407917386734286,0.8482082780413848,24,False
ALL,last2,2,False,TracIn_trunc_k5,C5,-0.10782608695652172,0.8444377100886411,-0.12768980549814996,0.6919920589092172,24,False
ALL,last3,3,True,TracIn,C1,0.43304347826086953,0.82979067062928,0.5218707483568918,0.017268189632039223,24,True
ALL,last3,3,True,TracIn,C5,0.15739130434782608,0.8444377100886411,0.18638592576746085,0.23132454583183845,24,False
ALL,last3,3,True,TracIn_trunc_k1,C1,-0.13826086956521738,0.82979067062928,-0.16662138351153777,0.740304425270427,24,False
ALL,last3,3,True,TracIn_trunc_k1,C5,-0.24260869565217388,0.8444377100886411,-0.2873020623708374,0.8733258090137694,24,False
ALL,last3,3,True,TracIn_trunc_k5,C1,0.006956521739130434,0.82979067062928,0.008383465837058504,0.4871320302666262,24,False
ALL,last3,3,True,TracIn_trunc_k5,C5,0.14869565217391303,0.8444377100886411,0.1760883608079326,0.24401689977536237,24,False
ALL,last3,3,False,TracIn,C1,0.40869565217391296,0.82979067062928,0.49252861792718705,0.02369066876977094,24,False
ALL,last3,3,False,TracIn,C5,0.17391304347826084,0.8444377100886411,0.20595129919056443,0.2081849976467781,24,False
ALL,last3,3,False,TracIn_trunc_k1,C1,-0.20347826086956516,0.82979067062928,-0.24521637573396118,0.8298693016800567,24,False
ALL,last3,3,False,TracIn_trunc_k1,C5,-0.13826086956521738,0.8444377100886411,-0.16373128285649874,0.740304425270427,24,False
ALL,last3,3,False,TracIn_trunc_k5,C1,-0.05652173913043478,0.82979067062928,-0.06811565992610034,0.6034651080354297,24,False
ALL,last3,3,False,TracIn_trunc_k5,C5,0.1695652173913043,0.8444377100886411,0.20080251671080032,0.2141476252017946,24,False
ALL,last5,5,True,TracIn,C1,0.528695652173913,0.82979067062928,0.6371434036164463,0.003952542977514913,24,True
ALL,last5,5,True,TracIn,C5,0.17739130434782607,0.8444377100886411,0.21007032517437574,0.20348127569857838,24,False
ALL,last5,5,True,TracIn_trunc_k1,C1,0.08,0.82979067062928,0.0964098571261728,0.35509802609787955,24,False
ALL,last5,5,True,TracIn_trunc_k1,C5,-0.1452173913043478,0.8444377100886411,-0.1719693348241213,0.7508102653771943,24,False
ALL,last5,5,True,TracIn_trunc_k5,C1,0.05652173913043478,0.82979067062928,0.06811565992610034,0.39653489196457026,24,False
ALL,last5,5,True,TracIn_trunc_k5,C5,-0.2069565217391304,0.8444377100886411,-0.2450820460367717,0.8340542161584263,24,False
ALL,last5,5,False,TracIn,C1,0.48260869565217385,0.82979067062928,0.5816029424459337,0.008457149629039169,24,True
ALL,last5,5,False,TracIn,C5,0.16173913043478258,0.8444377100886411,0.19153470824722493,0.22510944242318542,24,False
ALL,last5,5,False,TracIn_trunc_k1,C1,0.07304347826086956,0.82979067062928,0.08802639128911428,0.36723356708841454,24,False
ALL,last5,5,False,TracIn_trunc_k1,C5,-0.11826086956521738,0.8444377100886411,-0.14004688344958383,0.7089661033158713,24,False
ALL,last5,5,False,TracIn_trunc_k5,C1,0.07565217391304348,0.82979067062928,0.09117019097801124,0.3626675611654785,24,False
ALL,last5,5,False,TracIn_trunc_k5,C5,-0.1826086956521739,0.8444377100886411,-0.2162488641500927,0.803462503443853,24,False
ALL,evenly3,3,True,TracIn,C1,0.5330434782608695,0.82979067062928,0.6423830697646078,0.0036588890354701223,24,True
ALL,evenly3,3,True,TracIn,C5,0.1652173913043478,0.8444377100886411,0.1956537342310362,0.22020146156415474,24,False
ALL,evenly3,3,True,TracIn_trunc_k1,C1,0.08695652173913042,0.82979067062928,0.10479332296323128,0.3430976626492644,24,False
ALL,evenly3,3,True,TracIn_trunc_k1,C5,-0.19999999999999998,0.8444377100886411,-0.23684399406914913,0.8256221336382272,24,False
ALL,evenly3,3,True,TracIn_trunc_k5,C1,0.07043478260869565,0.82979067062928,0.08488259160021736,0.3718171006484017,24,False
ALL,evenly3,3,True,TracIn_trunc_k5,C5,-0.25565217391304346,0.8444377100886411,-0.30274840981012974,0.8860408220724741,24,False
ALL,evenly3,3,False,TracIn,C1,0.508695652173913,0.82979067062928,0.6130409393349031,0.005567778630134615,24,True
ALL,evenly3,3,False,TracIn,C5,0.1869565217391304,0.8444377100886411,0.22139764662985678,0.19085448431752902,24,False
ALL,evenly3,3,False,TracIn_trunc_k1,C1,0.07043478260869565,0.82979067062928,0.08488259160021736,0.3718171006484017,24,False
ALL,evenly3,3,False,TracIn_trunc_k1,C5,-0.1826086956521739,0.8444377100886411,-0.2162488641500927,0.803462503443853,24,False
ALL,evenly3,3,False,TracIn_trunc_k5,C1,0.07652173913043478,0.82979067062928,0.09221812420764354,0.3611495516064094,24,False
ALL,evenly3,3,False,TracIn_trunc_k5,C5,-0.21304347826086956,0.8444377100886411,-0.2522903415084415,0.8412273737743545,24,False
act_out,last1,1,False,TracIn,C1,0.4060869565217391,0.82979067062928,0.48938481823829016,0.02447671449027893,24,False
act_out,last1,1,False,TracIn,C5,0.15826086956521737,0.8444377100886411,0.18741568226341365,0.23007445636405308,24,False
act_out,last1,1,False,TracIn_trunc_k1,C1,-0.01652173913043478,0.82979067062928,-0.019910731363013946,0.5305385665272448,24,False
act_out,last1,1,False,TracIn_trunc_k1,C5,-0.10521739130434782,0.8444377100886411,-0.1246005360102915,0.6876863091770542,24,False
act_out,last1,1,False,TracIn_trunc_k5,C1,0.21826086956521737,0.82979067062928,0.26303124063771055,0.1527771957922471,24,False
act_out,last1,1,False,TracIn_trunc_k5,C5,-0.36,0.8444377100886411,-0.42631918932446844,0.9580026517742374,24,False
act_out,last2,2,True,TracIn,C1,0.3956521739130434,0.82979067062928,0.47680961948270234,0.027826191444614144,24,False
act_out,last2,2,True,TracIn,C5,0.15826086956521737,0.8444377100886411,0.18741568226341365,0.23007445636405308,24,False
act_out,last2,2,True,TracIn_trunc_k1,C1,-0.3078260869565217,0.82979067062928,-0.3709683632898388,0.9283123122249095,24,False
act_out,last2,2,True,TracIn_trunc_k1,C5,0.054782608695652164,0.8444377100886411,0.0648746592450278,0.399654121744132,24,False
act_out,last2,2,True,TracIn_trunc_k5,C1,-0.2026086956521739,0.82979067062928,-0.24416844250432893,0.8288133366095395,24,False
act_out,last2,2,True,TracIn_trunc_k5,C5,0.040869565217391296,0.8444377100886411,0.04839855530978264,0.42480757501620914,24,False
act_out,last2,2,False,TracIn,C1,0.3947826086956522,0.82979067062928,0.47576168625307014,0.028120567582619268,24,False
act_out,last2,2,False,TracIn,C5,0.1678260869565217,0.8444377100886411,0.1987430037188947,0.2165582763247178,24,False
act_out,last2,2,False,TracIn_trunc_k1,C1,-0.19217391304347822,0.82979067062928,-0.23159324374874113,0.8158397556221862,24,False
act_out,last2,2,False,TracIn_trunc_k1,C5,0.03565217391304347,0.8444377100886411,0.042220016334065705,0.4343195231123073,24,False
act_out,last2,2,False,TracIn_trunc_k5,C1,-0.11826086956521738,0.82979067062928,-0.14251891922999455,0.7089661033158713,24,False
act_out,last2,2,False,TracIn_trunc_k5,C5,0.009565217391304347,0.8444377100886411,0.011327321455481045,0.4823090830379638,24,False
act_out,last3,3,True,TracIn,C1,0.39826086956521733,0.82979067062928,0.4799534191715993,0.026957364228299398,24,False
act_out,last3,3,True,TracIn,C5,0.17565217391304347,0.8444377100886411,0.2080108121824701,0.20582572348752698,24,False
act_out,last3,3,True,TracIn_trunc_k1,C1,-0.2626086956521739,0.82979067062928,-0.3164758353489585,0.892463414950811,24,False
act_out,last3,3,True,TracIn_trunc_k1,C5,-0.02869565217391304,0.8444377100886411,-0.033981964366443136,0.5529435427124672,24,False
act_out,last3,3,True,TracIn_trunc_k5,C1,-0.1226086956521739,0.82979067062928,-0.14775858537815612,0.7159163671489746,24,False
act_out,last3,3,True,TracIn_trunc_k5,C5,0.2069565217391304,0.8444377100886411,0.2450820460367717,0.16594578384157363,24,False
act_out,last3,3,False,TracIn,C1,0.41130434782608694,0.82979067062928,0.49567241761608405,0.022924489491867858,24,False
act_out,last3,3,False,TracIn,C5,0.16869565217391302,0.8444377100886411,0.19977276021484752,0.21535113086049065,24,False
act_out,last3,3,False,TracIn_trunc_k1,C1,-0.21478260869565213,0.82979067062928,-0.2588395077191813,0.8432415692485782,24,False
act_out,last3,3,False,TracIn_trunc_k1,C5,0.042608695652173914,0.8444377100886411,0.0504580683016883,0.42164568798884394,24,False
act_out,last3,3,False,TracIn_trunc_k5,C1,-0.07652173913043478,0.82979067062928,-0.09221812420764354,0.6388504483935906,24,False
act_out,last3,3,False,TracIn_trunc_k5,C5,0.16695652173913042,0.8444377100886411,0.19771324722294187,0.2177690526603073,24,False
act_out,last5,5,True,TracIn,C1,0.5165217391304348,0.82979067062928,0.6224723384015939,0.0048808065318686296,24,True
act_out,last5,5,True,TracIn,C5,0.1591304347826087,0.8444377100886411,0.18844543875936648,0.22882789100747314,24,False
act_out,last5,5,True,TracIn_trunc_k1,C1,0.19217391304347822,0.82979067062928,0.23159324374874113,0.18416024437781375,24,False
act_out,last5,5,True,TracIn_trunc_k1,C5,-0.002608695652173913,0.8444377100886411,-0.0030892694878584667,0.5048261575980483,24,False
act_out,last5,5,True,TracIn_trunc_k5,C1,0.44695652173913036,0.82979067062928,0.5386376800310089,0.014273142291222188,24,True
act_out,last5,5,True,TracIn_trunc_k5,C5,0.007826086956521738,0.8444377100886411,0.009267808463575401,0.48552415425604806,24,False
act_out,last5,5,False,TracIn,C1,0.508695652173913,0.82979067062928,0.6130409393349031,0.005567778630134615,24,True
act_out,last5,5,False,TracIn,C5,0.17565217391304347,0.8444377100886411,0.2080108121824701,0.20582572348752698,24,False
act_out,last5,5,False,TracIn_trunc_k1,C1,0.19913043478260867,0.82979067062928,0.23997670958579964,0.1754493565384439,24,False
act_out,last5,5,False,TracIn_trunc_k1,C5,-0.017391304347826087,0.8444377100886411,-0.02059512991905645,0.5321427016410414,24,False
act_out,last5,5,False,TracIn_trunc_k5,C1,0.43304347826086953,0.82979067062928,0.5218707483568918,0.017268189632039223,24,True
act_out,last5,5,False,TracIn_trunc_k5,C5,-0.005217391304347826,0.8444377100886411,-0.006178538975716933,0.5096516583732105,24,False
act_out,evenly3,3,True,TracIn,C1,0.5295652173913042,0.82979067062928,0.6381913368460785,0.003892294801170384,24,True
act_out,evenly3,3,True,TracIn,C5,0.1408695652173913,0.8444377100886411,0.16682055234435722,0.2557311409423375,24,False
act_out,evenly3,3,True,TracIn_trunc_k1,C1,0.16173913043478258,0.82979067062928,0.1949155807116102,0.22510944242318542,24,False
act_out,evenly3,3,True,TracIn_trunc_k1,C5,-0.1408695652173913,0.8444377100886411,-0.16682055234435722,0.7442688590576625,24,False
act_out,evenly3,3,True,TracIn_trunc_k5,C1,0.3695652173913043,0.82979067062928,0.44537162259373303,0.03775302257584289,24,False
act_out,evenly3,3,True,TracIn_trunc_k5,C5,-0.007826086956521738,0.8444377100886411,-0.009267808463575401,0.514475845743952,24,False
act_out,evenly3,3,False,TracIn,C1,0.5417391304347825,0.82979067062928,0.6528624020609309,0.0031259041338033344,24,True
act_out,evenly3,3,False,TracIn,C5,0.13826086956521738,0.8444377100886411,0.16373128285649874,0.25969557472957305,24,False
act_out,evenly3,3,False,TracIn_trunc_k1,C1,0.1843478260869565,0.82979067062928,0.22216184468205033,0.19425294987085043,24,False
act_out,evenly3,3,False,TracIn_trunc_k1,C5,-0.1452173913043478,0.8444377100886411,-0.1719693348241213,0.7508102653771943,24,False
act_out,evenly3,3,False,TracIn_trunc_k5,C1,0.3878260869565217,0.82979067062928,0.46737822041601157,0.03056315504004058,24,False
act_out,evenly3,3,False,TracIn_trunc_k5,C5,-0.03565217391304347,0.8444377100886411,-0.042220016334065705,0.5656804768876926,24,False
embed,last1,1,False,TracIn,C1,-0.2869565217391304,0.82979067062928,-0.34581796577866325,0.9130128790481677,24,False
embed,last1,1,False,TracIn,C5,0.3321739130434782,0.8444377100886411,0.3933669814539781,0.056386395147848385,24,False
embed,last1,1,False,TracIn_trunc_k1,C1,-0.2843478260869565,0.82979067062928,-0.34267416608976636,0.9109525095234388,24,False
embed,last1,1,False,TracIn_trunc_k1,C5,0.2782608695652174,0.8444377100886411,0.3295220787049032,0.09398569726107155,24,False
embed,last1,1,False,TracIn_trunc_k5,C1,-0.2713043478260869,0.82979067062928,-0.32695516764528165,0.9001443799209724,24,False
embed,last1,1,False,TracIn_trunc_k5,C5,0.248695652173913,0.8444377100886411,0.2945103578425072,0.12063088344397724,24,False
embed,last2,2,True,TracIn,C1,0.22869565217391302,0.82979067062928,0.2756064393932983,0.14121160381815823,24,False
embed,last2,2,True,TracIn,C5,0.13999999999999999,0.8444377100886411,0.1657907958484044,0.2570493454645214,24,False
embed,last2,2,True,TracIn_trunc_k1,C1,0.19130434782608693,0.82979067062928,0.23054531051910884,0.18526640333497155,24,False
embed,last2,2,True,TracIn_trunc_k1,C5,0.09130434782608696,0.8444377100886411,0.10812443207504635,0.3356706347823206,24,False
embed,last2,2,True,TracIn_trunc_k5,C1,0.25565217391304346,0.82979067062928,0.3080923695119,0.11395917792752588,24,False
embed,last2,2,True,TracIn_trunc_k5,C5,0.06521739130434781,0.8444377100886411,0.07723173719646166,0.3810344699390619,24,False
embed,last2,2,False,TracIn,C1,0.1782608695652174,0.82979067062928,0.21482631207462416,0.20231463103593741,24,False
embed,last2,2,False,TracIn,C5,0.2226086956521739,0.8444377100886411,0.2636176629639225,0.147889211267211,24,False
embed,last2,2,False,TracIn_trunc_k1,C1,0.040869565217391296,0.82979067062928,0.049252861792718705,0.42480757501620914,24,False
embed,last2,2,False,TracIn_trunc_k1,C5,0.17130434782608694,0.8444377100886411,0.202862029702706,0.21175156839220233,24,False
embed,last2,2,False,TracIn_trunc_k5,C1,0.18086956521739128,0.82979067062928,0.21797011176352107,0.19883710370845206,24,False
embed,last2,2,False,TracIn_trunc_k5,C5,0.10956521739130433,0.8444377100886411,0.1297493184900556,0.3051509892642315,24,False
embed,last3,3,True,TracIn,C1,0.00608695652173913,0.82979067062928,0.0073355326074261915,0.4887401008238579,24,False
embed,last3,3,True,TracIn,C5,0.09999999999999999,0.8444377100886411,0.11842199703457457,0.32099661480339436,24,False
embed,last3,3,True,TracIn_trunc_k1,C1,0.011304347826086955,0.82979067062928,0.013623131985220067,0.4790950814005541,24,False
embed,last3,3,True,TracIn_trunc_k1,C5,0.09217391304347824,0.8444377100886411,0.10915418857099915,0.3341922595797608,24,False
embed,last3,3,True,TracIn_trunc_k5,C1,0.1060869565217391,0.82979067062928,0.12784785401514218,0.31087575443355925,24,False
embed,last3,3,True,TracIn_trunc_k5,C5,0.23217391304347823,0.8444377100886411,0.2749449844194035,0.1374826205915888,24,False
embed,last3,3,False,TracIn,C1,0.07304347826086956,0.82979067062928,0.08802639128911428,0.36723356708841454,24,False
embed,last3,3,False,TracIn,C5,0.16869565217391302,0.8444377100886411,0.19977276021484752,0.21535113086049065,24,False
embed,last3,3,False,TracIn_trunc_k1,C1,0.00608695652173913,0.82979067062928,0.0073355326074261915,0.4887401008238579,24,False
embed,last3,3,False,TracIn_trunc_k1,C5,0.20173913043478262,0.8444377100886411,0.2389035070610548,0.17224651570369892,24,False
embed,last3,3,False,TracIn_trunc_k5,C1,0.13826086956521738,0.82979067062928,0.16662138351153777,0.25969557472957305,24,False
embed,last3,3,False,TracIn_trunc_k5,C5,0.1826086956521739,0.8444377100886411,0.2162488641500927,0.19653749655614708,24,False
embed,last5,5,True,TracIn,C1,-0.10869565217391304,0.82979067062928,-0.13099165370403912,0.6934219011296834,24,False
embed,last5,5,True,TracIn,C5,0.2617391304347826,0.8444377100886411,0.3099567052817995,0.10832584897664314,24,False
embed,last5,5,True,TracIn_trunc_k1,C1,-0.12347826086956522,0.82979067062928,-0.14880651860778846,0.7172975024289017,24,False
embed,last5,5,True,TracIn_trunc_k1,C5,0.27391304347826084,0.8444377100886411,0.324373296225139,0.097625940537208,24,False
embed,last5,5,True,TracIn_trunc_k5,C1,-0.17391304347826084,0.82979067062928,-0.20958664592646256,0.7918150023532219,24,False
embed,last5,5,True,TracIn_trunc_k5,C5,0.36695652173913035,0.8444377100886411,0.43455724129209095,0.038876808014297846,24,False
embed,last5,5,False,TracIn,C1,-0.10956521739130433,0.82979067062928,-0.13203958693367143,0.6948490107357685,24,False
embed,last5,5,False,TracIn,C5,0.2982608695652174,0.8444377100886411,0.3532064781118181,0.07844164980533383,24,False
embed,last5,5,False,TracIn_trunc_k1,C1,-0.11565217391304347,0.82979067062928,-0.13937511954109763,0.7047608415565794,24,False
embed,last5,5,False,TracIn_trunc_k1,C5,0.3052173913043478,0.8444377100886411,0.3614445300794406,0.07348700867227154,24,False
embed,last5,5,False,TracIn_trunc_k5,C1,-0.1695652173913043,0.82979067062928,-0.204346979778301,0.7858523747982054,24,False
embed,last5,5,False,TracIn_trunc_k5,C5,0.32608695652173914,0.8444377100886411,0.3861586859823084,0.059964581129582424,24,False
embed,evenly3,3,True,TracIn,C1,-0.1034782608695652,0.82979067062928,-0.12470405432624523,0.6848024645753231,24,False
embed,evenly3,3,True,TracIn,C5,0.20434782608695648,0.8444377100886411,0.2419927765489132,0.169078624256588,24,False
embed,evenly3,3,True,TracIn_trunc_k1,C1,-0.11391304347826085,0.82979067062928,-0.137279253081833,0.7019429746652933,24,False
embed,evenly3,3,True,TracIn_trunc_k1,C5,0.17565217391304347,0.8444377100886411,0.2080108121824701,0.20582572348752698,24,False
embed,evenly3,3,True,TracIn_trunc_k5,C1,-0.17478260869565218,0.82979067062928,-0.21063457915609493,0.7929964887957083,24,False
embed,evenly3,3,True,TracIn_trunc_k5,C5,0.3478260869565217,0.8444377100886411,0.41190259838112886,0.04790659716180722,24,False
embed,evenly3,3,False,TracIn,C1,-0.13478260869565215,0.82979067062928,-0.16242965059300848,0.7349730567273075,24,False
embed,evenly3,3,False,TracIn,C5,0.29913043478260865,0.8444377100886411,0.3542362346077708,0.0778097772313975,24,False
embed,evenly3,3,False,TracIn_trunc_k1,C1,-0.12782608695652173,0.82979067062928,-0.15404618475595,0.7241577477591982,24,False
embed,evenly3,3,False,TracIn_trunc_k1,C5,0.27043478260869563,0.8444377100886411,0.32025427024132774,0.10060646851666996,24,False
embed,evenly3,3,False,TracIn_trunc_k5,C1,-0.1973913043478261,0.82979067062928,-0.23788084312653507,0.8223960547945911,24,False
embed,evenly3,3,False,TracIn_trunc_k5,C5,0.33391304347826084,0.8444377100886411,0.39542649444588374,0.05539341627856707,24,False
obs_blocks_00,last1,1,False,TracIn,C1,-0.021739130434782605,0.82979067062928,-0.02619833074080782,0.5401556162816863,24,False
obs_blocks_00,last1,1,False,TracIn,C5,0.19913043478260867,0.8444377100886411,0.23581423757319628,0.1754493565384439,24,False
obs_blocks_00,last1,1,False,TracIn_trunc_k1,C1,-0.2539130434782608,0.82979067062928,-0.30599650305263537,0.8843963174162729,24,False
obs_blocks_00,last1,1,False,TracIn_trunc_k1,C5,0.23565217391304347,0.8444377100886411,0.2790640104032148,0.13381675520334535,24,False
obs_blocks_00,last1,1,False,TracIn_trunc_k5,C1,-0.2417391304347826,0.82979067062928,-0.29132543783778303,0.8724467668911333,24,False
obs_blocks_00,last1,1,False,TracIn_trunc_k5,C5,0.1217391304347826,0.8444377100886411,0.14416590943339513,0.28546776134445834,24,False
obs_blocks_00,last2,2,True,TracIn,C1,-0.2434782608695652,0.82979067062928,-0.29342130429704766,0.8742009190785786,24,False
obs_blocks_00,last2,2,True,TracIn,C5,0.17130434782608694,0.8444377100886411,0.202862029702706,0.21175156839220233,24,False
obs_blocks_00,last2,2,True,TracIn_trunc_k1,C1,-0.26347826086956516,0.82979067062928,-0.31752376857859077,0.8932488167073809,24,False
obs_blocks_00,last2,2,True,TracIn_trunc_k1,C5,0.16869565217391302,0.8444377100886411,0.19977276021484752,0.21535113086049065,24,False
obs_blocks_00,last2,2,True,TracIn_trunc_k5,C1,-0.2869565217391304,0.82979067062928,-0.34581796577866325,0.9130128790481677,24,False
obs_blocks_00,last2,2,True,TracIn_trunc_k5,C5,-0.07478260869565216,0.8444377100886411,-0.0885590586519427,0.6358124192212229,24,False
obs_blocks_00,last2,2,False,TracIn,C1,-0.17304347826086955,0.82979067062928,-0.20853871269683028,0.7906298252138826,24,False
obs_blocks_00,last2,2,False,TracIn,C5,0.16695652173913042,0.8444377100886411,0.19771324722294187,0.2177690526603073,24,False
obs_blocks_00,last2,2,False,TracIn_trunc_k1,C1,-0.37739130434782603,0.82979067062928,-0.4548030216604238,0.9654707273616695,24,False
obs_blocks_00,last2,2,False,TracIn_trunc_k1,C5,0.21739130434782608,0.8444377100886411,0.25743912398820556,0.15376660527445357,24,False
obs_blocks_00,last2,2,False,TracIn_trunc_k5,C1,-0.3347826086956522,0.82979067062928,-0.4034542934084405,0.9450982320390652,24,False
obs_blocks_00,last2,2,False,TracIn_trunc_k5,C5,0.041739130434782605,0.8444377100886411,0.04942831180573547,0.4232260566998609,24,False
obs_blocks_00,last3,3,True,TracIn,C1,-0.10869565217391304,0.82979067062928,-0.13099165370403912,0.6934219011296834,24,False
obs_blocks_00,last3,3,True,TracIn,C5,0.21652173913043476,0.8444377100886411,0.25640936749225274,0.15475994878115024,24,False
obs_blocks_00,last3,3,True,TracIn_trunc_k1,C1,-0.3173913043478261,0.82979067062928,-0.38249562881579424,0.9346409571983622,24,False
obs_blocks_00,last3,3,True,TracIn_trunc_k1,C5,0.25999999999999995,0.8444377100886411,0.3078971922898938,0.1099159800849677,24,False
obs_blocks_00,last3,3,True,TracIn_trunc_k5,C1,-0.33391304347826084,0.82979067062928,-0.40240636017880815,0.9446065837214329,24,False
obs_blocks_00,last3,3,True,TracIn_trunc_k5,C5,0.11826086956521738,0.8444377100886411,0.14004688344958383,0.2910338966841287,24,False
obs_blocks_00,last3,3,False,TracIn,C1,-0.11565217391304347,0.82979067062928,-0.13937511954109763,0.7047608415565794,24,False
obs_blocks_00,last3,3,False,TracIn,C5,0.2452173913043478,0.8444377100886411,0.29039133185869587,0.12406064953775087,24,False
obs_blocks_00,last3,3,False,TracIn_trunc_k1,C1,-0.3930434782608695,0.82979067062928,-0.4736658197938054,0.971283455722365,24,False
obs_blocks_00,last3,3,False,TracIn_trunc_k1,C5,0.27478260869565213,0.8444377100886411,0.3254030527210918,0.09689031793427863,24,False
obs_blocks_00,last3,3,False,TracIn_trunc_k5,C1,-0.44434782608695644,0.82979067062928,-0.5354938803421119,0.9851995263344416,24,False
obs_blocks_00,last3,3,False,TracIn_trunc_k5,C5,0.1469565217391304,0.8444377100886411,0.17402884781602695,0.24659656105533304,24,False
obs_blocks_00,last5,5,True,TracIn,C1,-0.0008695652173913043,0.82979067062928,-0.001047933229632313,0.5016087516373653,24,False
obs_blocks_00,last5,5,True,TracIn,C5,0.31304347826086953,0.8444377100886411,0.370712338543016,0.06818372920873285,24,False
obs_blocks_00,last5,5,True,TracIn_trunc_k1,C1,-0.007826086956521738,0.82979067062928,-0.009431399066690816,0.514475845743952,24,False
obs_blocks_00,last5,5,True,TracIn_trunc_k1,C5,0.3869565217391304,0.8444377100886411,0.45824164069900597,0.03087961010464104,24,False
obs_blocks_00,last5,5,True,TracIn_trunc_k5,C1,-0.050434782608695654,0.82979067062928,-0.06078012731867416,0.5925220905112163,24,False
obs_blocks_00,last5,5,True,TracIn_trunc_k5,C5,0.33391304347826084,0.8444377100886411,0.39542649444588374,0.05539341627856707,24,False
obs_blocks_00,last5,5,False,TracIn,C1,-0.050434782608695654,0.82979067062928,-0.06078012731867416,0.5925220905112163,24,False
obs_blocks_00,last5,5,False,TracIn,C5,0.3869565217391304,0.8444377100886411,0.45824164069900597,0.03087961010464104,24,False
obs_blocks_00,last5,5,False,TracIn_trunc_k1,C1,-0.1217391304347826,0.82979067062928,-0.14671065214852383,0.7145322386555417,24,False
obs_blocks_00,last5,5,False,TracIn_trunc_k1,C5,0.3278260869565217,0.8444377100886411,0.388218198974214,0.058925810544442965,24,False
obs_blocks_00,last5,5,False,TracIn_trunc_k5,C1,-0.08521739130434783,0.82979067062928,-0.10269745650396668,0.6539154841750059,24,False
obs_blocks_00,last5,5,False,TracIn_trunc_k5,C5,0.2721739130434782,0.8444377100886411,0.32231378323323334,0.0991085861577395,24,False
obs_blocks_00,evenly3,3,True,TracIn,C1,0.02608695652173913,0.82979067062928,0.03143799688896939,0.451846608870633,24,False
obs_blocks_00,evenly3,3,True,TracIn,C5,0.23739130434782607,0.8444377100886411,0.2811235233951205,0.13200748060691614,24,False
obs_blocks_00,evenly3,3,True,TracIn_trunc_k1,C1,0.014782608695652172,0.82979067062928,0.017814864903749318,0.47267106288681715,24,False
obs_blocks_00,evenly3,3,True,TracIn_trunc_k1,C5,0.27304347826086955,0.8444377100886411,0.3233435397291862,0.09836536144512711,24,False
obs_blocks_00,evenly3,3,True,TracIn_trunc_k5,C1,-0.04347826086956521,0.82979067062928,-0.05239666148161564,0.5799335079425334,24,False
obs_blocks_00,evenly3,3,True,TracIn_trunc_k5,C5,0.23739130434782607,0.8444377100886411,0.2811235233951205,0.13200748060691614,24,False
obs_blocks_00,evenly3,3,False,TracIn,C1,0.013913043478260868,0.82979067062928,0.016766931674117008,0.4742765088508924,24,False
obs_blocks_00,evenly3,3,False,TracIn,C5,0.2504347826086956,0.8444377100886411,0.29656987083441283,0.11893951138485667,24,False
obs_blocks_00,evenly3,3,False,TracIn_trunc_k1,C1,-0.07130434782608694,0.82979067062928,-0.08593052482984966,0.6297126564116028,24,False
obs_blocks_00,evenly3,3,False,TracIn_trunc_k1,C5,0.3078260869565217,0.8444377100886411,0.3645337995672991,0.07168768777509055,24,False
obs_blocks_00,evenly3,3,False,TracIn_trunc_k5,C1,-0.10695652173913042,0.82979067062928,-0.1288957872447745,0.6905595012834096,24,False
obs_blocks_00,evenly3,3,False,TracIn_trunc_k5,C5,0.28086956521739126,0.8444377100886411,0.33261134819276156,0.09184683044934394,24,False
den_blocks_05,last1,1,False,TracIn,C1,0.44,0.82979067062928,0.5302542141939504,0.015713857575089297,24,True
den_blocks_05,last1,1,False,TracIn,C5,0.18521739130434778,0.8444377100886411,0.2193381336379511,0.19311634095108765,24,False
den_blocks_05,last1,1,False,TracIn_trunc_k1,C1,0.43304347826086953,0.82979067062928,0.5218707483568918,0.017268189632039223,24,True
den_blocks_05,last1,1,False,TracIn_trunc_k1,C5,0.10521739130434782,0.8444377100886411,0.1246005360102915,0.3123136908229458,24,False
den_blocks_05,last1,1,False,TracIn_trunc_k5,C1,0.3356521739130434,0.82979067062928,0.4045022266380728,0.054413332947234855,24,False
den_blocks_05,last1,1,False,TracIn_trunc_k5,C5,-0.4121739130434783,0.8444377100886411,-0.48810457908163785,0.9773265459899088,24,False
den_blocks_05,last2,2,True,TracIn,C1,0.44260869565217387,0.82979067062928,0.5333980138828472,0.015160594748573135,24,True
den_blocks_05,last2,2,True,TracIn,C5,0.16173913043478258,0.8444377100886411,0.19153470824722493,0.22510944242318542,24,False
den_blocks_05,last2,2,True,TracIn_trunc_k1,C1,0.3504347826086956,0.82979067062928,0.42231709154182207,0.046591085829908535,24,False
den_blocks_05,last2,2,True,TracIn_trunc_k1,C5,0.21391304347826084,0.8444377100886411,0.25332009800439426,0.1577635653457728,24,False
den_blocks_05,last2,2,True,TracIn_trunc_k5,C1,0.21652173913043476,0.82979067062928,0.2609353741784459,0.15475994878115024,24,False
den_blocks_05,last2,2,True,TracIn_trunc_k5,C5,0.1252173913043478,0.8444377100886411,0.14828493541720641,0.2799492678952415,24,False
den_blocks_05,last2,2,False,TracIn,C1,0.44,0.82979067062928,0.5302542141939504,0.015713857575089297,24,True
den_blocks_05,last2,2,False,TracIn,C5,0.17391304347826084,0.8444377100886411,0.20595129919056443,0.2081849976467781,24,False
den_blocks_05,last2,2,False,TracIn_trunc_k1,C1,0.4139130434782608,0.82979067062928,0.49881621730498094,0.02217784609526371,24,False
den_blocks_05,last2,2,False,TracIn_trunc_k1,C5,0.16347826086956518,0.8444377100886411,0.19359422123913056,0.22264828352130367,24,False
den_blocks_05,last2,2,False,TracIn_trunc_k5,C1,0.3026086956521739,0.82979067062928,0.36468076391204496,0.07531820481391956,24,False
den_blocks_05,last2,2,False,TracIn_trunc_k5,C5,-0.03826086956521739,0.8444377100886411,-0.04530928582192418,0.5704412048390504,24,False
den_blocks_05,last3,3,True,TracIn,C1,0.4260869565217391,0.82979067062928,0.5134872825198333,0.018942152406185592,24,True
den_blocks_05,last3,3,True,TracIn,C5,0.1026086956521739,0.8444377100886411,0.12151126652243302,0.3166434082819876,24,False
den_blocks_05,last3,3,True,TracIn_trunc_k1,C1,-0.02,0.82979067062928,-0.0241024642815432,0.5369520989872645,24,False
den_blocks_05,last3,3,True,TracIn_trunc_k1,C5,-0.12956521739130433,0.8444377100886411,-0.15343371789697052,0.7268803653707084,24,False
den_blocks_05,last3,3,True,TracIn_trunc_k5,C1,0.19043478260869565,0.82979067062928,0.22949737728947656,0.1863763889213566,24,False
den_blocks_05,last3,3,True,TracIn_trunc_k5,C5,0.37652173913043474,0.8444377100886411,0.44588456274757204,0.03487671002196547,24,False
den_blocks_05,last3,3,False,TracIn,C1,0.4391304347826086,0.82979067062928,0.529206280964318,0.015901813266215818,24,True
den_blocks_05,last3,3,False,TracIn,C5,0.17391304347826084,0.8444377100886411,0.20595129919056443,0.2081849976467781,24,False
den_blocks_05,last3,3,False,TracIn_trunc_k1,C1,0.1843478260869565,0.82979067062928,0.22216184468205033,0.19425294987085043,24,False
den_blocks_05,last3,3,False,TracIn_trunc_k1,C5,-0.008695652173913044,0.8444377100886411,-0.010297564959528225,0.5160835029148654,24,False
den_blocks_05,last3,3,False,TracIn_trunc_k5,C1,0.3504347826086956,0.82979067062928,0.42231709154182207,0.046591085829908535,24,False
den_blocks_05,last3,3,False,TracIn_trunc_k5,C5,0.21130434782608692,0.8444377100886411,0.2502308285165358,0.16080251772987597,24,False
den_blocks_05,last5,5,True,TracIn,C1,0.4860869565217391,0.82979067062928,0.585794675364463,0.008013028675409472,24,True
den_blocks_05,last5,5,True,TracIn,C5,0.17217391304347823,0.8444377100886411,0.2038917861986588,0.21055903446389318,24,False
den_blocks_05,last5,5,True,TracIn_trunc_k1,C1,0.21913043478260866,0.82979067062928,0.26407917386734286,0.1517917219586152,24,False
den_blocks_05,last5,5,True,TracIn_trunc_k1,C5,-0.13391304347826086,0.8444377100886411,-0.15858250037673463,0.7336321870149944,24,False
den_blocks_05,last5,5,True,TracIn_trunc_k5,C1,0.3313043478260869,0.82979067062928,0.3992625604899112,0.05688774673740126,24,False
den_blocks_05,last5,5,True,TracIn_trunc_k5,C5,-0.1826086956521739,0.8444377100886411,-0.2162488641500927,0.803462503443853,24,False
den_blocks_05,last5,5,False,TracIn,C1,0.48086956521739127,0.82979067062928,0.5795070759866691,0.008686620791301242,24,True
den_blocks_05,last5,5,False,TracIn,C5,0.17304347826086955,0.8444377100886411,0.20492154269461163,0.2093701747861174,24,False
den_blocks_05,last5,5,False,TracIn_trunc_k1,C1,0.3104347826086956,0.82979067062928,0.37411216297873573,0.0699200079144807,24,False
den_blocks_05,last5,5,False,TracIn_trunc_k1,C5,-0.09043478260869564,0.8444377100886411,-0.10709467557909351,0.6628486208719451,24,False
den_blocks_05,last5,5,False,TracIn_trunc_k5,C1,0.4434782608695652,0.82979067062928,0.5344459471124796,0.014979669843233775,24,True
den_blocks_05,last5,5,False,TracIn_trunc_k5,C5,-0.054782608695652164,0.8444377100886411,-0.0648746592450278,0.6003458782558679,24,False
den_blocks_05,evenly3,3,True,TracIn,C1,0.49652173913043474,0.82979067062928,0.5983698741200507,0.006793590117994562,24,True
den_blocks_05,evenly3,3,True,TracIn,C5,0.1243478260869565,0.8444377100886411,0.1472551789212536,0.28132437084415823,24,False
den_blocks_05,evenly3,3,True,TracIn_trunc_k1,C1,0.1443478260869565,0.82979067062928,0.17395691611896394,0.25049135816403134,24,False
den_blocks_05,evenly3,3,True,TracIn_trunc_k1,C5,-0.248695652173913,0.8444377100886411,-0.2945103578425072,0.8793691165560228,24,False
den_blocks_05,evenly3,3,True,TracIn_trunc_k5,C1,0.31652173913043474,0.82979067062928,0.38144769558616193,0.06591711227526298,24,False
den_blocks_05,evenly3,3,True,TracIn_trunc_k5,C5,-0.17130434782608694,0.8444377100886411,-0.202862029702706,0.7882484316077977,24,False
den_blocks_05,evenly3,3,False,TracIn,C1,0.46956521739130425,0.82979067062928,0.5658839440014489,0.010304856852079401,24,True
den_blocks_05,evenly3,3,False,TracIn,C5,0.17478260869565218,0.8444377100886411,0.2069810556865173,0.20700351120429172,24,False
den_blocks_05,evenly3,3,False,TracIn_trunc_k1,C1,0.18608695652173912,0.82979067062928,0.22425771114131499,0.19198351698587418,24,False
den_blocks_05,evenly3,3,False,TracIn_trunc_k1,C5,-0.2895652173913043,0.8444377100886411,-0.34290891315228983,0.9150399065237451,24,False
den_blocks_05,evenly3,3,False,TracIn_trunc_k5,C1,0.35826086956521735,0.82979067062928,0.43174849060851295,0.04280612754325584,24,False
den_blocks_05,evenly3,3,False,TracIn_trunc_k5,C5,-0.1878260869565217,0.8444377100886411,-0.22242740312580958,0.8102707508413087,24,False
