ridge_rel,attributor,target,focal,demo_lds,demo_p1,demo_n,demo_ceiling,demo_ratio,demo_bar_half_ceiling,demo_PASS,cluster_lds,cluster_p1,cluster_n,cluster_ceiling,cluster_ratio
1e-06,IF,C1,True,-0.22608695652173913,0.8559502311671084,24,0.9327641408751334,-0.24238384240374092,0.4663820704375667,False,0.2679309049943672,0.04730874578892654,40,0.5079365079365079,0.5274889692076605
1e-06,IF,C2,False,0.2452173913043478,0.12406064953775087,24,0.9115002366303833,0.26902614113504,0.45575011831519163,False,-0.11799493100535059,0.7658170746702541,40,0.27450980392156865,-0.4298386772337771
1e-06,IF,C3,False,-0.4269565217391304,0.9812738430623503,24,0.6441876915821739,-0.6627827996689796,0.32209384579108696,False,0.15688667730729508,0.16682727227722577,40,0.8424242424242424,0.18623238673168122
1e-06,IF,C4,False,-0.03913043478260869,0.5720260324643314,24,0.7945492662473793,-0.04924859470001148,0.39727463312368966,False,0.030695578710222476,0.4254289131209866,40,0.27450980392156865,0.11181960815866758
1e-06,IF,C5,True,-0.07130434782608694,0.6297126564116028,24,0.9177998400225849,-0.07769052108827161,0.45889992001129243,False,0.5411621139585093,0.00015568665676871413,40,0.5636363636363636,0.9601263312167102
1e-06,IF,C6,False,-0.07652173913043478,0.6388504483935906,24,0.940385146963973,-0.0813727645289642,0.4701925734819865,False,0.5233267624143434,0.0002650970649163259,40,0.12380952380952381,4.226870004115851
1e-06,IF,C7,False,0.3930434782608695,0.028716544277635054,24,0.9151966795585321,0.42946340064352484,0.45759833977926606,False,-0.06205990047882827,0.6481839538421841,40,0.8431372549019609,-0.07360592847488934
1e-06,IF,C8,False,0.38608695652173913,0.03119857978382517,24,0.9097459233978006,0.4243898725918408,0.4548729616989003,False,0.4321126760563381,0.002681135157415817,40,0.8253968253968255,0.5235211267605634
1e-06,IF,C9,False,-0.3095652173913043,0.9294942664434477,24,0.8945496491396712,-0.3460570552892477,0.4472748245698356,False,-0.3593016707339966,0.9886067701618989,40,0.2380952380952381,-1.5090670170827856
1e-06,TRAK,C1,True,-0.25913043478260867,0.8892831446218206,24,0.9327641408751334,-0.2778091732165953,0.4663820704375667,False,0.2745024408561772,0.04325003940210579,40,0.5079365079365079,0.5404266804355989
1e-06,TRAK,C2,False,0.2539130434782608,0.11560368258372715,24,0.9115002366303833,0.27856607521784277,0.45575011831519163,False,-0.1914014831502863,0.8816192352293142,40,0.27450980392156865,-0.6972482600474714
1e-06,TRAK,C3,False,-0.4026086956521739,0.9744437487309274,24,0.6441876915821739,-0.6249866318670826,0.32209384579108696,False,0.062435452070228145,0.3509604567161637,40,0.8424242424242424,0.07411402583876003
1e-06,TRAK,C4,False,0.00608695652173913,0.4887401008238579,24,0.7945492662473793,0.007660892508890674,0.39727463312368966,False,0.02036984886886323,0.45035762749507097,40,0.27450980392156865,0.07420444945085891
1e-06,TRAK,C5,True,-0.08956521739130434,0.6613655265785513,24,0.9177998400225849,-0.09758687404990216,0.45889992001129243,False,0.5285834976063081,0.00022729969661512643,40,0.5636363636363636,0.9378094312369982
1e-06,TRAK,C6,False,-0.15826086956521737,0.7699255436359469,24,0.940385146963973,-0.16829367209399415,0.4701925734819865,False,0.5201351731906505,0.0002906971447499618,40,0.12380952380952381,4.201091783462946
1e-06,TRAK,C7,False,0.3947826086956522,0.028120567582619268,24,0.9151966795585321,0.4313636811773458,0.45759833977926606,False,-0.0682565017369261,0.6622061923206386,40,0.8431372549019609,-0.08095538578100536
1e-06,TRAK,C8,False,0.38956521739130434,0.029937739687435298,24,0.9097459233978006,0.42821320477735286,0.4548729616989003,False,0.3770892018779342,0.008229142974001917,40,0.8253968253968255,0.4568580715059587
1e-06,TRAK,C9,False,-0.2895652173913043,0.9150399065237451,24,0.8945496491396712,-0.32369943654865024,0.4472748245698356,False,-0.3846442650647644,0.9928704621974057,40,0.2380952380952381,-1.6155059132720104
1e-05,IF,C1,True,-0.15652173913043477,0.7674218510621545,24,0.9327641408751334,-0.16780419858720524,0.4663820704375667,False,0.2867067217423957,0.03643376960675982,40,0.5079365079365079,0.5644538584303416
1e-05,IF,C2,False,0.16869565217391302,0.21535113086049065,24,0.9115002366303833,0.185074721206375,0.45575011831519163,False,0.05791795738289683,0.3612992840206839,40,0.27450980392156865,0.2109868447519813
1e-05,IF,C3,False,-0.39391304347826084,0.971582652240185,24,0.6441876915821739,-0.6114880005092622,0.32209384579108696,False,0.4297249084592995,0.0028257370647835774,40,0.8424242424242424,0.5101051071639167
1e-05,IF,C4,False,0.027826086956521737,0.4486524093109082,24,0.7945492662473793,0.03502122289778594,0.39727463312368966,False,0.05585281141462499,0.3660587242760817,40,0.27450980392156865,0.20346381301041958
1e-05,IF,C5,True,0.007826086956521738,0.48552415425604806,24,0.9177998400225849,0.008527008412127373,0.45889992001129243,False,0.5259551300103257,0.0002455485689660273,40,0.5636363636363636,0.9331461984054166
1e-05,IF,C6,False,0.02869565217391304,0.44705645728753285,24,0.940385146963973,0.030514786698361576,0.4701925734819865,False,0.5043649676147565,0.0004525011687264144,40,0.12380952380952381,4.073717046119187
1e-05,IF,C7,False,0.37043478260869556,0.03738395843442315,24,0.9151966795585321,0.40475975370385303,0.45759833977926606,False,-0.01905924326354333,0.5464627393205672,40,0.8431372549019609,-0.02260514898699325
1e-05,IF,C8,False,0.39826086956521733,0.026957364228299398,24,0.9097459233978006,0.437771535241133,0.4548729616989003,False,0.5806572769953052,4.282329941179016e-05,40,0.8253968253968255,0.7034886240520044
1e-05,IF,C9,False,-0.3678260869565217,0.9615005645990848,24,0.8945496491396712,-0.4111857707509881,0.4472748245698356,False,-0.08991927914398347,0.7094524515319882,40,0.2380952380952381,-0.37766097240473057
1e-05,TRAK,C1,True,-0.22869565217391302,0.8587883961818418,24,0.9327641408751334,-0.245180579046861,0.4663820704375667,False,0.2703717611716109,0.045768359092042916,40,0.5079365079365079,0.532294404806609
1e-05,TRAK,C2,False,0.2539130434782608,0.11560368258372715,24,0.9115002366303833,0.27856607521784277,0.45575011831519163,False,-0.16286492067962077,0.842337162410389,40,0.27450980392156865,-0.5932936396186185
1e-05,TRAK,C3,False,-0.38869565217391305,0.9697507976750872,24,0.6441876915821739,-0.6033888216945701,0.32209384579108696,False,0.07914749788752229,0.313674206195625,40,0.8424242424242424,0.09395206583770632
1e-05,TRAK,C4,False,-0.006956521739130434,0.5128679697333738,24,0.7945492662473793,-0.008755305724446485,0.39727463312368966,False,0.02036984886886323,0.45035762749507097,40,0.27450980392156865,0.07420444945085891
1e-05,TRAK,C5,True,-0.10086956521739131,0.680457034045461,24,0.9177998400225849,-0.1099036639785306,0.45889992001129243,False,0.5250164272974749,0.000252376917647844,40,0.5636363636363636,0.9314807581084232
1e-05,TRAK,C6,False,-0.13304347826086957,0.7322881337281901,24,0.940385146963973,-0.14147764741967642,0.4701925734819865,False,0.5201351731906505,0.0002906971447499618,40,0.12380952380952381,4.201091783462946
1e-05,TRAK,C7,False,0.3878260869565217,0.03056315504004058,24,0.9151966795585321,0.42376255904206217,0.45759833977926606,False,-0.0682565017369261,0.6622061923206386,40,0.8431372549019609,-0.08095538578100536
1e-05,TRAK,C8,False,0.3947826086956522,0.028120567582619268,24,0.9097459233978006,0.433948203055621,0.4548729616989003,False,0.3703286384976526,0.009331091351926871,40,0.8253968253968255,0.44866738894907904
1e-05,TRAK,C9,False,-0.2895652173913043,0.9150399065237451,24,0.8945496491396712,-0.32369943654865024,0.4472748245698356,False,-0.3835179275389525,0.9927148837067011,40,0.2380952380952381,-1.6107752956636003
0.0001,IF,C1,True,-0.07304347826086956,0.6327664329115854,24,0.9327641408751334,-0.07830862600736245,0.4663820704375667,False,0.2544123169357867,0.056572481454058195,40,0.5079365079365079,0.5008742489673301
0.0001,IF,C2,False,0.03043478260869565,0.44386696778798024,24,0.9115002366303833,0.033389769289809926,0.45575011831519163,False,0.11067304984511404,0.24829804669014494,40,0.27450980392156865,0.40316611015005827
0.0001,IF,C3,False,-0.27478260869565213,0.9031096820657214,24,0.6441876915821739,-0.4265567509071233,0.32209384579108696,False,0.36700779269552153,0.009916197827161249,40,0.8424242424242424,0.43565673233641045
0.0001,IF,C4,False,-0.07913043478260869,0.6433922104491943,24,0.7945492662473793,-0.09959160261557876,0.39727463312368966,False,0.1491598610719985,0.1791500930970568,40,0.27450980392156865,0.5433680653337087
0.0001,IF,C5,True,0.03217391304347826,0.4406808560142436,24,0.9177998400225849,0.03505547902763476,0.45889992001129243,False,0.5901623955693233,3.060281657378911e-05,40,0.5636363636363636,1.047062314719767
0.0001,IF,C6,False,0.0634782608695652,0.38412120361187646,24,0.940385146963973,0.06750240693879984,0.4701925734819865,False,0.4771425889420821,0.0009257258154495413,40,0.12380952380952381,3.8538439876091246
0.0001,IF,C7,False,0.39739130434782605,0.027244602072135662,24,0.9151966795585321,0.43421410197807714,0.45759833977926606,False,-0.006478264951647732,0.5158232011922133,40,0.8431372549019609,-0.007683523547303123
0.0001,IF,C8,False,0.2895652173913043,0.08496009347625486,24,0.9097459233978006,0.3182924044438805,0.4548729616989003,False,0.6636619718309859,1.5216382215776708e-06,40,0.8253968253968255,0.8040520043336943
0.0001,IF,C9,False,-0.1434782608695652,0.7482036768912318,24,0.8945496491396712,-0.16039161270428615,0.4472748245698356,False,0.17308053313309552,0.14275298838251435,40,0.2380952380952381,0.7269382391590011
0.0001,TRAK,C1,True,-0.22869565217391302,0.8587883961818418,24,0.9327641408751334,-0.245180579046861,0.4663820704375667,False,0.26755538865940665,0.047549225744716636,40,0.5079365079365079,0.5267496714232068
0.0001,TRAK,C2,False,0.23826086956521736,0.13110875476081812,24,0.9115002366303833,0.2613941938687977,0.45575011831519163,False,-0.13864639068806908,0.80322652440625,40,0.27450980392156865,-0.5050689946493945
0.0001,TRAK,C3,False,-0.4382608695652173,0.9839084442482691,24,0.6441876915821739,-0.6803310204341461,0.32209384579108696,False,0.1454323537695991,0.18528614467720148,40,0.8424242424242424,0.17263552785599892
0.0001,TRAK,C4,False,-0.04521739130434782,0.5830882890075946,24,0.7945492662473793,-0.05690948720890215,0.39727463312368966,False,0.030695578710222476,0.4254289131209866,40,0.27450980392156865,0.11181960815866758
0.0001,TRAK,C5,True,-0.06608695652173913,0.6205062737240883,24,0.9177998400225849,-0.07200584881352004,0.45889992001129243,False,0.5362808598516849,0.00018063127590092854,40,0.5636363636363636,0.9514660416723443
0.0001,TRAK,C6,False,-0.07565217391304348,0.6373324388345215,24,0.940385146963973,-0.08044807402295326,0.4701925734819865,False,0.5178822866798085,0.0003100743373689,40,0.12380952380952381,4.182895392413838
0.0001,TRAK,C7,False,0.39826086956521733,0.026957364228299398,24,0.9151966795585321,0.43516424224498756,0.45759833977926606,False,-0.06205990047882827,0.6481839538421841,40,0.8431372549019609,-0.07360592847488934
0.0001,TRAK,C8,False,0.40869565217391296,0.02369066876977094,24,0.9097459233978006,0.4492415317976692,0.4548729616989003,False,0.41896713615023473,0.0035640626235142986,40,0.8253968253968255,0.5075947995666305
0.0001,TRAK,C9,False,-0.3139130434782608,0.9323880945828263,24,0.8945496491396712,-0.3509174071893776,0.4472748245698356,False,-0.37356861272761394,0.9912115542445519,40,0.2380952380952381,-1.5689881734559785
0.001,IF,C1,True,0.1452173913043478,0.24918973462280572,24,0.9327641408751334,0.1556850064670182,0.4663820704375667,False,0.14288396545249715,0.18955235020461392,40,0.5079365079365079,0.2813028069846038
0.001,IF,C2,False,0.08347826086956521,0.3490803003393712,24,0.9115002366303833,0.09158336719490721,0.45575011831519163,False,-0.028630432741950627,0.5696050307224834,40,0.27450980392156865,-0.10429657641710585
0.001,IF,C3,False,-0.2026086956521739,0.8288133366095395,24,0.6441876915821739,-0.31451811063721435,0.32209384579108696,False,-0.32851375457703497,0.9807575074067453,40,0.8424242424242424,-0.3899623705410847
0.001,IF,C4,False,-0.18869565217391301,0.8113921824076372,24,0.7945492662473793,-0.23748766777561087,0.39727463312368966,False,0.28452079226508964,0.03758821308120029,40,0.27450980392156865,1.036468600394255
0.001,IF,C5,True,0.07739130434782608,0.35963357277166236,24,0.9177998400225849,0.08432263874214847,0.45889992001129243,False,0.601051347038393,2.055250449855405e-05,40,0.5636363636363636,1.0663814221648908
0.001,IF,C6,False,-0.15652173913043477,0.7674218510621545,24,0.940385146963973,-0.16644429108197223,0.4701925734819865,False,0.34103069557871024,0.01563988513854781,40,0.12380952380952381,2.7544786950588134
0.001,IF,C7,False,0.36260869565217385,0.04080580970322582,24,0.9151966795585321,0.39620849130165897,0.45759833977926606,False,-0.2804431508778518,0.9601818606185635,40,0.8431372549019609,-0.33261862080861493
0.001,IF,C8,False,0.13565217391304346,0.26368927095292805,24,0.9097459233978006,0.14910995523497106,0.4548729616989003,False,0.6910798122065727,3.9777740361090436e-07,40,0.8253968253968255,0.8372697724810398
0.001,IF,C9,False,-0.15478260869565216,0.764904146463125,24,0.8945496491396712,-0.17302852764462384,0.4472748245698356,False,0.03792003003566735,0.40815023137013184,40,0.2380952380952381,0.15926412614980287
0.001,TRAK,C1,True,-0.1782608695652174,0.7976853689640626,24,0.9327641408751334,-0.19111033727987264,0.4663820704375667,False,0.2857679309049943,0.03692610839287309,40,0.5079365079365079,0.5626056139692076
0.001,TRAK,C2,False,0.19565217391304346,0.17977398161711464,24,0.9115002366303833,0.2146485168630638,0.45575011831519163,False,0.03670327607246785,0.41104928554490927,40,0.27450980392156865,0.13370479140684716
0.001,TRAK,C3,False,-0.36695652173913035,0.9611231919857022,24,0.6441876915821739,-0.569642243300019,0.32209384579108696,False,0.3947986104591118,0.005849551119185109,40,0.8424242424242424,0.4686458325593773
0.001,TRAK,C4,False,0.04347826086956521,0.42006649205746666,24,0.7945492662473793,0.054720660777790524,0.39727463312368966,False,0.04008260583873088,0.40300963543491336,40,0.27450980392156865,0.14601520698394818
0.001,TRAK,C5,True,-0.02,0.5369520989872645,24,0.9177998400225849,-0.021791243719881066,0.45889992001129243,False,0.5280202759785976,0.00023110462943687848,40,0.5636363636363636,0.9368101670588022
0.001,TRAK,C6,False,0.004347826086956522,0.4919567283675179,24,0.940385146963973,0.004623452530054785,0.4701925734819865,False,0.5160048812541068,0.00032709395884147766,40,0.12380952380952381,4.167731733206248
0.001,TRAK,C7,False,0.36173913043478256,0.04120012080471129,24,0.9151966795585321,0.39525835103474855,0.45759833977926606,False,-0.07050981128532531,0.6672532647648767,40,0.8431372549019609,-0.0836279157105021
0.001,TRAK,C8,False,0.3782608695652173,0.034184484161103056,24,0.9097459233978006,0.41578737517443853,0.4548729616989003,False,0.5605633802816901,8.427610169759554e-05,40,0.8253968253968255,0.6791440953412783
0.001,TRAK,C9,False,-0.3539130434782608,0.9551207719550887,24,0.8945496491396712,-0.39563264467057246,0.4472748245698356,False,-0.14304486577811149,0.810718712683194,40,0.2380952380952381,-0.6007884362680682
0.01,IF,C1,True,0.25565217391304346,0.11395917792752588,24,0.9327641408751334,0.2740801910257686,0.4663820704375667,False,0.003942921517085992,0.49036786377333896,40,0.5079365079365079,0.007762626736763048
0.01,IF,C2,False,0.16173913043478258,0.22510944242318542,24,0.9115002366303833,0.17744277394013272,0.45575011831519163,False,-0.18088801276635688,0.8680036908788984,40,0.27450980392156865,-0.6589491893631572
0.01,IF,C3,False,-0.2217391304347826,0.8511410712641203,24,0.6441876915821739,-0.34421509962441915,0.32209384579108696,False,-0.1478734391136982,0.8187462719297123,40,0.8424242424242424,-0.17553321909180003
0.01,IF,C4,False,-0.2121739130434782,0.8402143888556597,24,0.7945492662473793,-0.26703682459561773,0.39727463312368966,False,0.3141837979911762,0.02416944443657206,40,0.27450980392156865,1.1445266926821418
0.01,IF,C5,True,0.38,0.0335028053149912,24,0.9177998400225849,0.4140336306777403,0.45889992001129243,False,0.36693889045339334,0.00992865602346068,40,0.5636363636363636,0.6510206120947302
0.01,IF,C6,False,-0.20434782608695648,0.830921375743412,24,0.940385146963973,-0.21730226891257484,0.4701925734819865,False,-0.04834318971181826,0.616471672237763,40,0.12380952380952381,-0.39046422459545516
0.01,IF,C7,False,0.21565217391304345,0.15575722456425548,24,0.9151966795585321,0.23563478619379238,0.45759833977926606,False,-0.3662566895127218,0.9899472861989059,40,0.8431372549019609,-0.43439746895694903
0.01,IF,C8,False,-0.3313043478260869,0.9431122532625987,24,0.9097459233978006,-0.3641723906700255,0.4548729616989003,False,0.5986854460093897,2.2437076690166657e-05,40,0.8253968253968255,0.7253304442036835
0.01,IF,C9,False,0.02434782608695652,0.4550437100394768,24,0.8945496491396712,0.02721797064072735,0.4472748245698356,False,-0.030598836117889994,0.5743386971938935,40,0.2380952380952381,-0.12851511169513796
0.01,TRAK,C1,True,-0.07130434782608694,0.6297126564116028,24,0.9327641408751334,-0.07644413491194904,0.4663820704375667,False,0.24915508824633864,0.0605238095816466,40,0.5079365079365079,0.4905240799849792
0.01,TRAK,C2,False,0.049565217391304345,0.40904689480153544,24,0.9115002366303833,0.05437762427197616,0.45575011831519163,False,0.11029756875997372,0.24903344050177123,40,0.27450980392156865,0.4017982861970471
0.01,TRAK,C3,False,-0.3060869565217391,0.9271162952067029,24,0.6441876915821739,-0.47515182379527665,0.32209384579108696,False,0.4047507276312083,0.00479033580677226,40,0.8424242424242424,0.4804594968284127
0.01,TRAK,C4,False,-0.04434782608695652,0.5815115079674701,24,0.7945492662473793,-0.05581507399334634,0.39727463312368966,False,0.11179949310053505,0.24609855164994932,40,0.27450980392156865,0.40726958200909197
0.01,TRAK,C5,True,0.03217391304347826,0.4406808560142436,24,0.9177998400225849,0.03505547902763476,0.45889992001129243,False,0.5681967520886135,6.550063804997361e-05,40,0.5636363636363636,1.008091011770121
0.01,TRAK,C6,False,0.04347826086956521,0.42006649205746666,24,0.940385146963973,0.04623452530054784,0.4701925734819865,False,0.4732000375481085,0.0010219577849773123,40,0.12380952380952381,3.822000303273184
0.01,TRAK,C7,False,0.3834782608695652,0.03217069904610962,24,0.9151966795585321,0.4190118577075099,0.45759833977926606,False,-0.011172659844146088,0.5272757299239972,40,0.8431372549019609,-0.01325129423375466
0.01,TRAK,C8,False,0.3217391304347825,0.06261972933243162,24,0.9097459233978006,0.3536582271598672,0.4548729616989003,False,0.6495774647887324,2.8776341041122245e-06,40,0.8253968253968255,0.7869880823401949
0.01,TRAK,C9,False,-0.19652173913043475,0.8213129652420481,24,0.8945496491396712,-0.21968790588587073,0.4472748245698356,False,0.17308053313309552,0.14275298838251435,40,0.2380952380952381,0.7269382391590011
0.1,IF,C1,True,0.3408695652173913,0.051549603055612646,24,0.9327641408751334,0.3654402547010248,0.4663820704375667,False,-0.04393541119038677,0.6061084810268011,40,0.5079365079365079,-0.08649784078107396
0.1,IF,C2,False,0.2791304347826086,0.0932689803785228,24,0.9115002366303833,0.30623188405797097,0.45575011831519163,False,-0.28639819769079133,0.9634050003549756,40,0.27450980392156865,-1.0433077201593113
0.1,IF,C3,False,-0.20173913043478262,0.827753484296301,24,0.6441876915821739,-0.31316824750143235,0.32209384579108696,False,-0.11651488123180923,0.7629987109106627,40,0.8424242424242424,-0.13830903167804692
0.1,IF,C4,False,-0.19304347826086957,0.81694208251443,24,0.7945492662473793,-0.24295973385338998,0.39727463312368966,False,0.29578522481929975,0.0319342435607921,40,0.27450980392156865,1.077503318984592
0.1,IF,C5,True,0.4321739130434783,0.017470768313848938,24,0.9177998400225849,0.47088035342525614,0.45889992001129243,False,0.02036984886886323,0.45035762749507097,40,0.5636363636363636,0.03614005444475735
0.1,IF,C6,False,-0.15652173913043477,0.7674218510621545,24,0.940385146963973,-0.16644429108197223,0.4701925734819865,False,-0.22801088895146907,0.9214742598011556,40,0.12380952380952381,-1.8416264107618654
0.1,IF,C7,False,0.1034782608695652,0.3151975354246769,24,0.9151966795585321,0.11306669176234393,0.45759833977926606,False,0.061872124683128346,0.35224411147310497,40,0.8431372549019609,0.07338321764743129
0.1,IF,C8,False,-0.4052173913043478,0.9752567982802253,24,0.9097459233978006,-0.4454181996121572,0.4548729616989003,False,0.6013145539906103,2.0352007554621348e-05,40,0.8253968253968255,0.7285157096424701
0.1,IF,C9,False,0.10173913043478258,0.31809189110284275,24,0.8945496491396712,0.11373223446303925,0.4472748245698356,False,-0.19654589825417682,0.8879212358948328,40,0.2380952380952381,-0.8254927726675426
0.1,TRAK,C1,True,0.046956521739130425,0.4137618979324297,24,0.9327641408751334,0.05034125957616157,0.4663820704375667,False,0.13086744273375892,0.210437810687188,40,0.5079365079365079,0.25764527788208785
0.1,TRAK,C2,False,0.040869565217391296,0.42480757501620914,24,0.9115002366303833,0.04483769018917332,0.45575011831519163,False,-0.02543884351825777,0.5619096524060612,40,0.27450980392156865,-0.09267007281651043
0.1,TRAK,C3,False,-0.19826086956521738,0.823475282378798,24,0.6441876915821739,-0.30776879495830417,0.32209384579108696,False,-0.32626044502863577,0.9800421758257156,40,0.8424242424242424,-0.3872875786311144
0.1,TRAK,C4,False,-0.19652173913043475,0.8213129652420481,24,0.7945492662473793,-0.24733738671561317,0.39727463312368966,False,0.2527926405707312,0.05776844028981446,40,0.27450980392156865,0.9208874763648064
0.1,TRAK,C5,True,0.06782608695652173,0.37641759318441,24,0.9177998400225849,0.07390073957177057,0.45889992001129243,False,0.5826527738665165,3.994129879437548e-05,40,0.5636363636363636,1.0337387923438197
0.1,TRAK,C6,False,-0.10173913043478258,0.6819081088971573,24,0.940385146963973,-0.10818878920328194,0.4701925734819865,False,0.3522951281329203,0.012891178926687438,40,0.12380952380952381,2.8454606503043562
0.1,TRAK,C7,False,0.37043478260869556,0.03738395843442315,24,0.9151966795585321,0.40475975370385303,0.45759833977926606,False,-0.2265514975119707,0.9201018047095101,40,0.8431372549019609,-0.26870061332815126
0.1,TRAK,C8,False,0.19826086956521738,0.17652471762120203,24,0.9097459233978006,0.2179299345741885,0.4548729616989003,False,0.7111737089201878,1.351495996599718e-07,40,0.8253968253968255,0.861614301191766
0.1,TRAK,C9,False,-0.1469565217391304,0.753403438944667,24,0.8945496491396712,-0.16427989422439004,0.4472748245698356,False,0.07264877041486766,0.3279825420033775,40,0.2380952380952381,0.30512483574244414
1.0,IF,C1,True,0.44260869565217387,0.015160594748573135,24,0.9327641408751334,0.4745129837827082,0.4663820704375667,False,-0.1297408937288772,0.7875399914170682,40,0.5079365079365079,-0.255427384528727
1.0,IF,C2,False,0.3878260869565217,0.03056315504004058,24,0.9115002366303833,0.42548106009300646,0.45575011831519163,False,-0.16830939641415563,0.8504014022345591,40,0.27450980392156865,-0.6131270869372811
1.0,IF,C3,False,-0.1643478260869565,0.7785769243803302,24,0.6441876915821739,-0.25512413266280476,0.32209384579108696,False,0.1236503614684067,0.22357962194795689,40,0.8424242424242424,0.14677920605961947
1.0,IF,C4,False,-0.02,0.5369520989872645,24,0.7945492662473793,-0.025171503957783645,0.39727463312368966,False,0.2817046841265371,0.03911749510960289,40,0.27450980392156865,1.0262099207466708
1.0,IF,C5,True,0.40782608695652167,0.023950460284585973,24,0.9177998400225849,0.44435188280974863,0.45889992001129243,False,0.012672486623486343,0.46906938818176014,40,0.5636363636363636,0.022483444009411255
1.0,IF,C6,False,-0.046956521739130425,0.5862381020675703,24,0.940385146963973,-0.049933287324591666,0.4701925734819865,False,-0.21749741856753968,0.9111963260140495,40,0.12380952380952381,-1.756709919199359
1.0,IF,C7,False,0.1782608695652174,0.20231463103593741,24,0.9151966795585321,0.19477875471664294,0.45759833977926606,False,0.5435170406534597,0.00014479709853991202,40,0.8431372549019609,0.6446364900773591
1.0,IF,C8,False,-0.40869565217391296,0.9763093312302291,24,0.9097459233978006,-0.4492415317976692,0.4548729616989003,False,0.608262910798122,1.5661729777798028e-05,40,0.8253968253968255,0.7369339111592631
1.0,IF,C9,False,0.12869565217391304,0.27447939434963803,24,0.8945496491396712,0.14386641624384455,0.4472748245698356,False,-0.18903698141543082,0.8786435618193679,40,0.2380952380952381,-0.7939553219448094
1.0,TRAK,C1,True,0.248695652173913,0.12063088344397724,24,0.9327641408751334,0.266622226644115,0.4663820704375667,False,0.016710476905745397,0.4592425851562674,40,0.5079365079365079,0.03289875140818625
1.0,TRAK,C2,False,0.1869565217391304,0.19085448431752902,24,0.9115002366303833,0.20510858278026095,0.45575011831519163,False,-0.17882286679808504,0.8652121635667096,40,0.27450980392156865,-0.6514261576215954
1.0,TRAK,C3,False,-0.24434782608695652,0.8750720989141301,24,0.6441876915821739,-0.3793115411547521,0.32209384579108696,False,-0.16383438174819265,0.8437927958077495,40,0.8424242424242424,-0.19447966178742293
1.0,TRAK,C4,False,-0.24434782608695652,0.8750720989141301,24,0.7945492662473793,-0.3075301135711828,0.39727463312368966,False,0.31455927907631653,0.024028496395639698,40,0.27450980392156865,1.145894516635153
1.0,TRAK,C5,True,0.2982608695652174,0.07844164980533383,24,0.9177998400225849,0.3249737650399655,0.45889992001129243,False,0.415751431521637,0.003814746030216245,40,0.5636363636363636,0.7376235075383883
1.0,TRAK,C6,False,-0.23130434782608694,0.8615910517686926,24,0.940385146963973,-0.24596767459891453,0.4701925734819865,False,0.05829343846803717,0.36043611670859976,40,0.12380952380952381,0.4708316183956848
1.0,TRAK,C7,False,0.29478260869565215,0.08100529819783447,24,0.9151966795585321,0.32209755048264366,0.45759833977926606,False,-0.376959909867618,0.991750860996017,40,0.8431372549019609,-0.4470919861220585
1.0,TRAK,C8,False,-0.3,0.9228184954319946,24,0.9097459233978006,-0.3297624010004168,0.4548729616989003,False,0.608262910798122,1.5661729777798028e-05,40,0.8253968253968255,0.7369339111592631
1.0,TRAK,C9,False,-0.04608695652173912,0.5846638280338823,24,0.8945496491396712,-0.051519730141376764,0.4472748245698356,False,-0.03792003003566735,0.5918497686298682,40,0.2380952380952381,-0.15926412614980287
10.0,IF,C1,True,0.4982608695652173,0.006606012812902796,24,0.9327641408751334,0.5341766988359367,0.4663820704375667,True,-0.052572286894479896,0.6263402347078183,40,0.5079365079365079,-0.1035016898235073
10.0,IF,C2,False,0.40086956521739125,0.02610973041064812,24,0.9115002366303833,0.4397909612172107,0.45575011831519163,False,-0.15760818548765607,0.834295934696646,40,0.27450980392156865,-0.5741441042764613
10.0,IF,C3,False,-0.13130434782608694,0.7295905323003236,24,0.6441876915821739,-0.2038293335030874,0.32209384579108696,False,0.39911745376021035,0.005367663380467321,40,0.8424242424242424,0.4737725170534871
10.0,IF,C4,False,0.11043478260869564,0.30372662937585543,24,0.7945492662473793,0.13899047837558795,0.39727463312368966,False,0.21111424012015395,0.09549432973177384,40,0.27450980392156865,0.7690590175805607
10.0,IF,C5,True,0.40347826086956523,0.025282957823212927,24,0.9177998400225849,0.4396146559141224,0.45889992001129243,False,0.1333896554961044,0.2059498851493401,40,0.5636363636363636,0.2366590662027659
10.0,IF,C6,False,0.0008695652173913043,0.4983912483626347,24,0.940385146963973,0.0009246905060109569,0.4701925734819865,False,-0.19740918051253165,0.8889557692246635,40,0.12380952380952381,-1.5944587656781402
10.0,IF,C7,False,0.28521739130434776,0.08835698452439676,24,0.9151966795585321,0.31164600754662863,0.45759833977926606,False,0.6477326072669232,3.1205981435529956e-06,40,0.8431372549019609,0.7682409993165832
10.0,IF,C8,False,-0.37652173913043474,0.9651232899780345,24,0.9097459233978006,-0.41387570908168253,0.4548729616989003,False,0.5956807511737089,2.50566557532564e-05,40,0.8253968253968255,0.7216901408450703
10.0,IF,C9,False,0.17130434782608694,0.21175156839220233,24,0.8945496491396712,0.1914978648651174,0.4472748245698356,False,-0.1332832738877417,0.7938619318034557,40,0.2380952380952381,-0.5597897503285151
10.0,TRAK,C1,True,0.3095652173913043,0.07050573355655235,24,0.9327641408751334,0.3318794149835837,0.4663820704375667,False,-0.046751783702591046,0.6127389009136559,40,0.5079365079365079,-0.09204257416447613
10.0,TRAK,C2,False,0.2713043478260869,0.0998556200790276,24,0.9115002366303833,0.29764594338344846,0.45575011831519163,False,-0.25692293250727494,0.9452442058292374,40,0.27450980392156865,-0.93593353984793
10.0,TRAK,C3,False,-0.1643478260869565,0.7785769243803302,24,0.6441876915821739,-0.25512413266280476,0.32209384579108696,False,-0.11520045066190968,0.7604808032506594,40,0.8424242424242424,-0.13674873639723092
10.0,TRAK,C4,False,-0.2052173913043478,0.8319695551627235,24,0.7945492662473793,-0.2582815188711713,0.39727463312368966,False,0.30798836008636066,0.026592822425700033,40,0.27450980392156865,1.1219575974574565
10.0,TRAK,C5,True,0.4321739130434783,0.017470768313848938,24,0.9177998400225849,0.47088035342525614,0.45889992001129243,False,0.04496385994555523,0.3914667713691719,40,0.5636363636363636,0.0797745902259851
10.0,TRAK,C6,False,-0.16173913043478258,0.7748905575768146,24,0.940385146963973,-0.17199243411803797,0.4701925734819865,False,-0.21261616446071527,0.9061110607916284,40,0.12380952380952381,-1.7172844052596232
10.0,TRAK,C7,False,0.12608695652173912,0.27857720383448425,24,0.9151966795585321,0.13777033870201572,0.45759833977926606,False,-0.012487090414045629,0.5304789549414104,40,0.8431372549019609,-0.014810270025961093
10.0,TRAK,C8,False,-0.4121739130434783,0.9773265459899088,24,0.9097459233978006,-0.4530648639831814,0.4548729616989003,False,0.6060093896713614,1.7061996193497988e-05,40,0.8253968253968255,0.7342036836403032
10.0,TRAK,C9,False,0.08173913043478259,0.35208485721804406,24,0.8945496491396712,0.0913746157224418,0.4472748245698356,False,-0.16406983292660032,0.8441450358088549,40,0.2380952380952381,-0.6890932982917213
,TracIn,C1,True,0.368695652173913,0.03812484423954127,24,0.9327641408751334,0.39527211222763897,0.4663820704375667,False,-0.06590311678558017,0.6569049213208671,40,0.5079365079365079,-0.12974676117161096
,TracIn,C2,False,0.46434782608695646,0.011129926756996847,24,0.9115002366303833,0.5094324800216714,0.45575011831519163,True,-0.1121749741856754,0.7546323773558025,40,0.27450980392156865,-0.40863740596210324
,TracIn,C3,False,-0.11391304347826085,0.7019429746652933,24,0.6441876915821739,-0.1768320707874467,0.32209384579108696,False,0.19951178293118013,0.10855205215609448,40,0.8424242424242424,0.23683053369528578
,TracIn,C4,False,0.2417391304347826,0.12755323310886668,24,0.7945492662473793,0.3042468739245153,0.39727463312368966,False,0.040270346381301045,0.40256410789449504,40,0.27450980392156865,0.1466991189604538
,TracIn,C5,True,0.24608695652173912,0.12319732422242417,24,0.9177998400225849,0.26812704229244966,0.45889992001129243,False,0.469257486154135,0.0011268879132967718,40,0.5636363636363636,0.8325536044670138
,TracIn,C6,False,0.010434782608695651,0.4807019363886902,24,0.940385146963973,0.011096286072131483,0.4701925734819865,False,-0.05303670327607246,0.6274192431843182,40,0.12380952380952381,-0.4283733726144314
,TracIn,C7,False,0.38434782608695645,0.03184411200906028,24,0.9151966795585321,0.4199619979744203,0.45759833977926606,False,0.6073608111914374,1.6209186372813395e-05,40,0.8431372549019609,0.7203581714131
,TracIn,C8,False,-0.2452173913043478,0.8759393504622491,24,0.9097459233978006,-0.26954491907860156,0.4548729616989003,False,0.4726760563380281,0.001035388322253708,40,0.8253968253968255,0.5726652221018417
,TracIn,C9,False,0.46173913043478254,0.011562029635097568,24,0.8945496491396712,0.5161693717937936,0.4472748245698356,True,0.23390275952693823,0.07315908317580957,40,0.2380952380952381,0.9823915900131405
