rule,g,target,attributor,focal,lds,p_onesided,n_masks,ci_lo,ci_hi,ceiling,bar_half_ceiling,ratio,PASS
random,1,C1,IF,True,0.25565217391304346,0.11395917792752588,24,-0.2024704853519895,0.6298730519044609,0.9327641408751334,0.4663820704375667,0.2740801910257686,False
random,1,C1,TRAK,True,-0.07130434782608694,0.6297126564116028,24,-0.44319876395534297,0.33785461540396855,0.9327641408751334,0.4663820704375667,-0.07644413491194904,False
random,1,C1,TracIn,True,0.368695652173913,0.03812484423954127,24,-0.05358566985740694,0.7149385679144437,0.9327641408751334,0.4663820704375667,0.39527211222763897,False
random,1,C2,IF,False,0.16173913043478258,0.22510944242318542,24,-0.278393736368657,0.5408136482939625,0.9115002366303833,0.45575011831519163,0.17744277394013272,False
random,1,C2,TRAK,False,0.049565217391304345,0.40904689480153544,24,-0.3611219293490989,0.46126849091928035,0.9115002366303833,0.45575011831519163,0.05437762427197616,False
random,1,C2,TracIn,False,0.46434782608695646,0.011129926756996847,24,0.036217386539090166,0.7978291252752076,0.9115002366303833,0.45575011831519163,0.5094324800216714,True
random,1,C3,IF,False,-0.2217391304347826,0.8511410712641203,24,-0.5587057885600328,0.1719871345029237,0.6441876915821739,0.32209384579108696,-0.34421509962441915,False
random,1,C3,TRAK,False,-0.3060869565217391,0.9271162952067029,24,-0.6038742853443667,0.09899802700896645,0.6441876915821739,0.32209384579108696,-0.47515182379527665,False
random,1,C3,TracIn,False,-0.11391304347826085,0.7019429746652933,24,-0.5081239344350325,0.3062529609688115,0.6441876915821739,0.32209384579108696,-0.1768320707874467,False
random,1,C4,IF,False,-0.2121739130434782,0.8402143888556597,24,-0.54196542893726,0.18604998491884017,0.7945492662473793,0.39727463312368966,-0.26703682459561773,False
random,1,C4,TRAK,False,-0.04434782608695652,0.5815115079674701,24,-0.46765255742529704,0.41150404769592647,0.7945492662473793,0.39727463312368966,-0.05581507399334634,False
random,1,C4,TracIn,False,0.2417391304347826,0.12755323310886668,24,-0.18408403191011888,0.642334004400812,0.7945492662473793,0.39727463312368966,0.3042468739245153,False
random,1,C5,IF,True,0.38,0.0335028053149912,24,-0.014032399299474602,0.64655576309842,0.9177998400225849,0.45889992001129243,0.4140336306777403,False
random,1,C5,TRAK,True,0.03217391304347826,0.4406808560142436,24,-0.34390110512696587,0.43784978089228094,0.9177998400225849,0.45889992001129243,0.03505547902763476,False
random,1,C5,TracIn,True,0.24608695652173912,0.12319732422242417,24,-0.1596871897537565,0.6317049531652578,0.9177998400225849,0.45889992001129243,0.26812704229244966,False
random,1,C6,IF,False,-0.20434782608695648,0.830921375743412,24,-0.5792643689648811,0.2397419072615922,0.940385146963973,0.4701925734819865,-0.21730226891257484,False
random,1,C6,TRAK,False,0.04347826086956521,0.42006649205746666,24,-0.4308112375631319,0.4851489828090118,0.940385146963973,0.4701925734819865,0.04623452530054784,False
random,1,C6,TracIn,False,0.010434782608695651,0.4807019363886902,24,-0.46813867049223085,0.4584345671849389,0.940385146963973,0.4701925734819865,0.011096286072131483,False
random,1,C7,IF,False,0.21565217391304345,0.15575722456425548,24,-0.21054240550959233,0.5746263678540775,0.9151966795585321,0.45759833977926606,0.23563478619379238,False
random,1,C7,TRAK,False,0.3834782608695652,0.03217069904610962,24,-0.08245183937406139,0.7216939966488652,0.9151966795585321,0.45759833977926606,0.4190118577075099,False
random,1,C7,TracIn,False,0.38434782608695645,0.03184411200906028,24,-0.06428656880941533,0.6956711849584609,0.9151966795585321,0.45759833977926606,0.4199619979744203,False
random,1,C8,IF,False,-0.3313043478260869,0.9431122532625987,24,-0.6461419262470952,0.06089438308798682,0.9097459233978006,0.4548729616989003,-0.3641723906700255,False
random,1,C8,TRAK,False,0.3217391304347825,0.06261972933243162,24,-0.08878247575952593,0.6873629040734617,0.9097459233978006,0.4548729616989003,0.3536582271598672,False
random,1,C8,TracIn,False,-0.2452173913043478,0.8759393504622491,24,-0.5556731286460218,0.18114211084191376,0.9097459233978006,0.4548729616989003,-0.26954491907860156,False
random,1,C9,IF,False,0.02434782608695652,0.4550437100394768,24,-0.41100920149509906,0.4161737185337207,0.8945496491396712,0.4472748245698356,0.02721797064072735,False
random,1,C9,TRAK,False,-0.19652173913043475,0.8213129652420481,24,-0.5807464725630977,0.2587708500655686,0.8945496491396712,0.4472748245698356,-0.21968790588587073,False
random,1,C9,TracIn,False,0.46173913043478254,0.011562029635097568,24,0.03502100467600056,0.7588908699542761,0.8945496491396712,0.4472748245698356,0.5161693717937936,True
random,3,C1,IF,True,0.3313043478260869,0.05688774673740126,24,-0.11890393782921894,0.7024410427338296,0.9327641408751334,0.4663820704375667,0.3551855536762511,False
random,3,C1,TRAK,True,-0.05304347826086955,0.5972206812693983,24,-0.4893265116432292,0.3567571115973737,0.9327641408751334,0.4663820704375667,-0.05686697841010844,False
random,3,C1,TracIn,True,0.046956521739130425,0.4137618979324297,24,-0.3356950591139298,0.4476129898111792,0.9327641408751334,0.4663820704375667,0.05034125957616157,False
random,3,C2,IF,False,0.5939130434782608,0.0011071717754938515,24,0.28854783505861115,0.788378126212456,0.9115002366303833,0.45575011831519163,0.6515774978554336,True
random,3,C2,TRAK,False,0.33652173913043476,0.0539281005963737,24,-0.043360586734182194,0.6451240214091707,0.9115002366303833,0.45575011831519163,0.3691954490044697,False
random,3,C2,TracIn,False,0.25217391304347825,0.11726378546080976,24,-0.16209729037764029,0.5715845733443554,0.9115002366303833,0.45575011831519163,0.27665808840128225,False
random,3,C3,IF,False,0.15652173913043477,0.23257814893784542,24,-0.24255795276638653,0.5154549777583867,0.6441876915821739,0.32209384579108696,0.24297536444076645,False
random,3,C3,TRAK,False,-0.44260869565217387,0.9848394052514269,24,-0.7287013249332723,-0.04858998083709935,0.6441876915821739,0.32209384579108696,-0.6870803361130562,False
random,3,C3,TracIn,False,0.3739130434782608,0.03593503688402976,24,-0.10027152910312254,0.7313566447239784,0.6441876915821739,0.32209384579108696,0.5804411483862754,False
random,3,C4,IF,False,-0.21565217391304345,0.8442427754357446,24,-0.5841362363219167,0.21866776685487693,0.7945492662473793,0.39727463312368966,-0.27141447745784103,False
random,3,C4,TRAK,False,-0.19652173913043475,0.8213129652420481,24,-0.6696071059683211,0.3409431696204626,0.7945492662473793,0.39727463312368966,-0.24733738671561317,False
random,3,C4,TracIn,False,0.1417391304347826,0.254416227163194,24,-0.2961332387629814,0.5387053643282517,0.7945492662473793,0.39727463312368966,0.17838935413559712,False
random,3,C5,IF,True,-0.18521739130434778,0.8068836590489123,24,-0.5406924522328065,0.23751639702667202,0.9177998400225849,0.45889992001129243,-0.20180586575368112,False
random,3,C5,TRAK,True,0.14260869565217388,0.25310461697642705,24,-0.266460642924257,0.5217224265564564,0.9177998400225849,0.45889992001129243,0.15538104217654322,False
random,3,C5,TracIn,True,0.2417391304347826,0.12755323310886668,24,-0.1639738546957927,0.5879779639185609,0.9177998400225849,0.45889992001129243,0.2633898153968233,False
random,3,C6,IF,False,0.029565217391304344,0.44546130218835234,24,-0.38096069868995636,0.4324715084956485,0.940385146963973,0.4701925734819865,0.03143947720437253,False
random,3,C6,TRAK,False,0.11217391304347826,0.30088622663361153,24,-0.30648163243830123,0.4864667334749976,0.940385146963973,0.4701925734819865,0.11928507527541345,False
random,3,C6,TracIn,False,-0.10086956521739131,0.680457034045461,24,-0.5057439093431944,0.31989658653026953,0.940385146963973,0.4701925734819865,-0.10726409869727101,False
random,3,C7,IF,False,0.09826086956521737,0.32391156185668246,24,-0.3133102210877541,0.47723864424576634,0.9151966795585321,0.45759833977926606,0.10736585016088121,False
random,3,C7,TRAK,False,0.23652173913043475,0.132910147079809,24,-0.2201638812062339,0.6152708100926357,0.9151966795585321,0.45759833977926606,0.25843815259964326,False
random,3,C7,TracIn,False,0.3539130434782608,0.044879228044911346,24,-0.13347874075003135,0.69759486412366,0.9151966795585321,0.45759833977926606,0.38670708863255443,False
random,3,C8,IF,False,-0.16869565217391302,0.7846488691395094,24,-0.559214732053418,0.23982375113849702,0.9097459233978006,0.4548729616989003,-0.18543161099733582,False
random,3,C8,TRAK,False,-0.13478260869565215,0.7349730567273075,24,-0.5197007770817639,0.28703893454366197,0.9097459233978006,0.4548729616989003,-0.14815412218859303,False
random,3,C8,TracIn,False,-0.25913043478260867,0.8892831446218206,24,-0.6466589570200794,0.134697432696076,0.9097459233978006,0.4548729616989003,-0.28483824782064987,False
random,3,C9,IF,False,-0.15130434782608695,0.7598270485103165,24,-0.5546105381483547,0.259630168476301,0.8945496491396712,0.4472748245698356,-0.16914024612451997,False
random,3,C9,TRAK,False,-0.2252173913043478,0.8549962862030643,24,-0.6103455283307693,0.2438770467899419,0.8945496491396712,0.4472748245698356,-0.25176622842672797,False
random,3,C9,TracIn,False,0.48521739130434777,0.008122231090201494,24,0.055429883191206605,0.7756752137931799,0.8945496491396712,0.4472748245698356,0.542415272054495,True
random,5,C1,IF,True,-0.2860869565217391,0.9123298030582653,24,-0.623225350117194,0.12498072995930123,0.9327641408751334,0.4663820704375667,-0.30670878519550293,False
random,5,C1,TRAK,True,-0.4904347826086956,0.9925151472827966,24,-0.7314115099954437,-0.10161437246963642,0.9327641408751334,0.4663820704375667,-0.5257864889065764,False
random,5,C1,TracIn,True,0.014782608695652172,0.47267106288681715,24,-0.4086538536978541,0.4426270284901481,0.9327641408751334,0.4663820704375667,0.01584817431101383,False
random,5,C2,IF,False,0.4417391304347826,0.015343259942842009,24,0.026696762580619187,0.7368744796966052,0.9115002366303833,0.45575011831519163,0.48462865140638406,False
random,5,C2,TRAK,False,-0.08173913043478259,0.6479151427819559,24,-0.47157183074022174,0.34826076552827423,0.9115002366303833,0.45575011831519163,-0.08967538037834664,False
random,5,C2,TracIn,False,0.3356521739130434,0.054413332947234855,24,-0.03587315993634374,0.6136839068479708,0.9115002366303833,0.45575011831519163,0.3682414555961894,False
random,5,C3,IF,False,0.23304347826086955,0.13656023796491507,24,-0.2067239034587778,0.6089685508101295,0.6441876915821739,0.32209384579108696,0.3617633203895856,False
random,5,C3,TRAK,False,-0.25652173913043474,0.8868572332972596,24,-0.6509702675440703,0.20664118278636154,0.6441876915821739,0.32209384579108696,-0.39820962505570057,False
random,5,C3,TracIn,False,0.16347826086956518,0.22264828352130367,24,-0.25066878657755637,0.5392782429886263,0.6441876915821739,0.32209384579108696,0.2537742695270227,False
random,5,C4,IF,False,-0.2078260869565217,0.8350906910972411,24,-0.578039374493801,0.17120970337443547,0.7945492662473793,0.39727463312368966,-0.26156475851783867,False
random,5,C4,TRAK,False,-0.40695652173913033,0.9757875285639479,24,-0.744869539338511,0.02171310715332048,0.7945492662473793,0.39727463312368966,-0.5121853848801192,False
random,5,C4,TracIn,False,0.1678260869565217,0.2165582763247178,24,-0.2301466243421143,0.5297904168033879,0.7945492662473793,0.39727463312368966,0.2112217506022714,False
random,5,C5,IF,True,-0.0826086956521739,0.6494185077764083,24,-0.44979148853330075,0.29314620713241357,0.9177998400225849,0.45889992001129243,-0.09000731101690004,False
random,5,C5,TRAK,True,-0.02869565217391304,0.5529435427124672,24,-0.4718703718593735,0.42475280779565305,0.9177998400225849,0.45889992001129243,-0.0312656975111337,False
random,5,C5,TracIn,True,0.25304347826086954,0.11643178265247717,24,-0.18971551106511705,0.6147593411415263,0.9177998400225849,0.45889992001129243,0.2757066053254517,False
random,5,C6,IF,False,-0.23652173913043475,0.867089852920191,24,-0.537402033862514,0.11439727616359201,0.940385146963973,0.4701925734819865,-0.25151581763498027,False
random,5,C6,TRAK,False,0.06608695652173913,0.37949372627591177,24,-0.36820019050136665,0.5066500799544871,0.940385146963973,0.4701925734819865,0.07027647845683273,False
random,5,C6,TracIn,False,-0.16260869565217392,0.7761229243087924,24,-0.5774336617608663,0.3115834008533918,0.940385146963973,0.4701925734819865,-0.17291712462404896,False
random,5,C7,IF,False,0.05565217391304347,0.3980937497627756,24,-0.37606231031539794,0.46220655293162294,0.9151966795585321,0.45759833977926606,0.06080897708226901,False
random,5,C7,TRAK,False,0.23391304347826083,0.13564179991434117,24,-0.20426530961109018,0.5976071893585225,0.9151966795585321,0.45759833977926606,0.2555877317989119,False
random,5,C7,TracIn,False,0.26608695652173914,0.1044181074050509,24,-0.20635926573426575,0.6835297774307206,0.9151966795585321,0.45759833977926606,0.29074292167459875,False
random,5,C8,IF,False,0.1878260869565217,0.18972924915869127,24,-0.2505493363204056,0.603555301777574,0.9097459233978006,0.4548729616989003,0.20645993801765222,False
random,5,C8,TRAK,False,-0.14782608695652172,0.7546949646285199,24,-0.5158431182944238,0.27690930773846323,0.9097459233978006,0.4548729616989003,-0.16249161788426333,False
random,5,C8,TracIn,False,-0.20347826086956516,0.8298693016800567,24,-0.5489622095656757,0.22073478206599817,0.9097459233978006,0.4548729616989003,-0.22366493285245656,False
random,5,C9,IF,False,0.017391304347826087,0.46785729835895856,24,-0.4193364822492408,0.44669826350473,0.8945496491396712,0.4472748245698356,0.019441407600519534,False
random,5,C9,TRAK,False,0.019130434782608695,0.4646505080187427,24,-0.4902107650717952,0.48978518193774606,0.8945496491396712,0.4472748245698356,0.02138554836057149,False
random,5,C9,TracIn,False,0.5930434782608696,0.0011281029205193718,24,0.16774162516196026,0.8410241141391027,0.8945496491396712,0.4472748245698356,0.6629519991777162,True
random,15,C1,IF,True,-0.06135772558789806,0.6121058664901071,24,-0.4208878896251468,0.3362916679948918,0.9327641408751334,0.4663820704375667,-0.06578053647123625,False
random,15,C1,TRAK,True,-0.03176676572990467,0.5585735571244611,24,-0.4878285803519814,0.41792082886152726,0.9327641408751334,0.4663820704375667,-0.03405658980425706,False
random,15,C1,TracIn,True,-0.08398610665577536,0.6517954165786228,24,-0.4677831547529225,0.3603839325514067,0.9327641408751334,0.4663820704375667,-0.09004002509892621,False
random,15,C2,IF,False,-0.16710189096278621,0.7824336107722843,24,-0.5901550557592552,0.26137109861277535,0.9115002366303833,0.45575011831519163,-0.18332621786311906,False
random,15,C2,TRAK,False,-0.19234123907695702,0.8160521687191276,24,-0.6117854339655983,0.26887952035334245,0.9115002366303833,0.45575011831519163,-0.21101611535286097,False
random,15,C2,TracIn,False,-0.045256762135754594,0.5831596508483654,24,-0.41542420811676545,0.33750161746860846,0.9115002366303833,0.45575011831519163,-0.049650850671261404,False
random,15,C3,IF,False,0.2985205656262275,0.07825256327124812,24,-0.15084406841125558,0.6633542704204817,0.6441876915821739,0.32209384579108696,0.46340619283339346,False
random,15,C3,TRAK,False,0.2567450928855309,0.1129336938770737,24,-0.2266524970546701,0.6532053646354443,0.6441876915821739,0.32209384579108696,0.3985563466059797,False
random,15,C3,TracIn,False,0.12358577352456064,0.2825319432956423,24,-0.3049014689879018,0.5633713891295309,0.6441876915821739,0.32209384579108696,0.19184746175609874,False
random,15,C4,IF,False,-0.04482160096137234,0.5823707557117821,24,-0.4136276576620167,0.3192217039717039,0.7945492662473793,0.39727463312368966,-0.056411355299669154,False
random,15,C4,TRAK,False,-0.15970415099828786,0.7719926253549986,24,-0.5930291424123788,0.3191537105212667,0.7945492662473793,0.39727463312368966,-0.200999683446394,False
random,15,C4,TracIn,False,0.45735439427575075,0.012318734377484979,24,-0.029864272527216688,0.7588939329450941,0.7945492662473793,0.39727463312368966,0.57561489728109,True
random,15,C5,IF,True,0.08920804074836243,0.3392443354344387,24,-0.3164986732863093,0.4209778375839446,0.9177998400225849,0.45889992001129243,0.09719770788603235,False
random,15,C5,TRAK,True,0.36074861356288995,0.04165276888442028,24,-0.05832353177704976,0.6952262406539664,0.9177998400225849,0.45889992001129243,0.3930580479879064,False
random,15,C5,TracIn,True,0.07093127142430769,0.3709434351262689,24,-0.3482661697478942,0.4925785864569746,0.9177998400225849,0.45889992001129243,0.07728403114840622,False
random,15,C6,IF,False,-0.20365542961089567,0.8300839712572636,24,-0.4912489302577527,0.140317870934597,0.940385146963973,0.4701925734819865,-0.21656597859759463,False
random,15,C6,TRAK,False,-0.23498703416641806,0.8654871093533515,24,-0.5311764530000379,0.1278075712258945,0.940385146963973,0.4701925734819865,-0.24988382145876303,False
random,15,C6,TracIn,False,0.23846832356147613,0.13089492593442886,24,-0.22405358484669538,0.6881930824470011,0.940385146963973,0.4701925734819865,0.25358580399889286,False
random,15,C7,IF,False,0.1953873672976328,0.18010575240214993,24,-0.20042523435294865,0.5629442895738933,0.9151966795585321,0.45759833977926606,0.21349221611236915,False
random,15,C7,TRAK,False,0.34160152189007076,0.05115693484774432,24,0.036193142464436195,0.5876632504249597,0.9151966795585321,0.45759833977926606,0.3732547653634962,False
random,15,C7,TracIn,False,-0.0735422384706012,0.6336407866054724,24,-0.41619590319567845,0.2827116694687194,0.9151966795585321,0.45759833977926606,-0.08035675840309663,False
random,15,C8,IF,False,-0.19973897904145538,0.8253009068731401,24,-0.5808100964931185,0.2201621603904966,0.9097459233978006,0.4548729616989003,-0.2195546843402742,False
random,15,C8,TRAK,False,-0.07702352786565926,0.6397255037952142,24,-0.5533379615797818,0.3476955807790487,0.9097459233978006,0.4548729616989003,-0.0846648782750077,False
random,15,C8,TracIn,False,-0.023933864591024066,0.544194884298141,24,-0.4523333301918795,0.4235810900075385,0.9097459233978006,0.4548729616989003,-0.026308295509183184,False
random,15,C9,IF,False,0.036988699822491734,0.431879287254167,24,-0.39045398864663117,0.4273201658351633,0.8945496491396712,0.4472748245698356,0.041348962417083766,False
random,15,C9,TRAK,False,0.29895572680060967,0.07793644015394312,24,-0.12863209867563602,0.6403157036601355,0.8945496491396712,0.4472748245698356,0.33419690800631235,False
random,15,C9,TracIn,False,0.37728473818941566,0.0345717087998906,24,-0.040451360161971664,0.7156066163728872,0.8945496491396712,0.4472748245698356,0.4217594166542544,False
dtw,1,C1,IF,True,0.25565217391304346,0.11395917792752588,24,-0.2024704853519895,0.6298730519044609,0.9327641408751334,0.4663820704375667,0.2740801910257686,False
dtw,1,C1,TRAK,True,-0.07130434782608694,0.6297126564116028,24,-0.44319876395534297,0.33785461540396855,0.9327641408751334,0.4663820704375667,-0.07644413491194904,False
dtw,1,C1,TracIn,True,0.368695652173913,0.03812484423954127,24,-0.05358566985740694,0.7149385679144437,0.9327641408751334,0.4663820704375667,0.39527211222763897,False
dtw,1,C2,IF,False,0.16173913043478258,0.22510944242318542,24,-0.278393736368657,0.5408136482939625,0.9115002366303833,0.45575011831519163,0.17744277394013272,False
dtw,1,C2,TRAK,False,0.049565217391304345,0.40904689480153544,24,-0.3611219293490989,0.46126849091928035,0.9115002366303833,0.45575011831519163,0.05437762427197616,False
dtw,1,C2,TracIn,False,0.46434782608695646,0.011129926756996847,24,0.036217386539090166,0.7978291252752076,0.9115002366303833,0.45575011831519163,0.5094324800216714,True
dtw,1,C3,IF,False,-0.2217391304347826,0.8511410712641203,24,-0.5587057885600328,0.1719871345029237,0.6441876915821739,0.32209384579108696,-0.34421509962441915,False
dtw,1,C3,TRAK,False,-0.3060869565217391,0.9271162952067029,24,-0.6038742853443667,0.09899802700896645,0.6441876915821739,0.32209384579108696,-0.47515182379527665,False
dtw,1,C3,TracIn,False,-0.11391304347826085,0.7019429746652933,24,-0.5081239344350325,0.3062529609688115,0.6441876915821739,0.32209384579108696,-0.1768320707874467,False
dtw,1,C4,IF,False,-0.2121739130434782,0.8402143888556597,24,-0.54196542893726,0.18604998491884017,0.7945492662473793,0.39727463312368966,-0.26703682459561773,False
dtw,1,C4,TRAK,False,-0.04434782608695652,0.5815115079674701,24,-0.46765255742529704,0.41150404769592647,0.7945492662473793,0.39727463312368966,-0.05581507399334634,False
dtw,1,C4,TracIn,False,0.2417391304347826,0.12755323310886668,24,-0.18408403191011888,0.642334004400812,0.7945492662473793,0.39727463312368966,0.3042468739245153,False
dtw,1,C5,IF,True,0.38,0.0335028053149912,24,-0.014032399299474602,0.64655576309842,0.9177998400225849,0.45889992001129243,0.4140336306777403,False
dtw,1,C5,TRAK,True,0.03217391304347826,0.4406808560142436,24,-0.34390110512696587,0.43784978089228094,0.9177998400225849,0.45889992001129243,0.03505547902763476,False
dtw,1,C5,TracIn,True,0.24608695652173912,0.12319732422242417,24,-0.1596871897537565,0.6317049531652578,0.9177998400225849,0.45889992001129243,0.26812704229244966,False
dtw,1,C6,IF,False,-0.20434782608695648,0.830921375743412,24,-0.5792643689648811,0.2397419072615922,0.940385146963973,0.4701925734819865,-0.21730226891257484,False
dtw,1,C6,TRAK,False,0.04347826086956521,0.42006649205746666,24,-0.4308112375631319,0.4851489828090118,0.940385146963973,0.4701925734819865,0.04623452530054784,False
dtw,1,C6,TracIn,False,0.010434782608695651,0.4807019363886902,24,-0.46813867049223085,0.4584345671849389,0.940385146963973,0.4701925734819865,0.011096286072131483,False
dtw,1,C7,IF,False,0.21565217391304345,0.15575722456425548,24,-0.21054240550959233,0.5746263678540775,0.9151966795585321,0.45759833977926606,0.23563478619379238,False
dtw,1,C7,TRAK,False,0.3834782608695652,0.03217069904610962,24,-0.08245183937406139,0.7216939966488652,0.9151966795585321,0.45759833977926606,0.4190118577075099,False
dtw,1,C7,TracIn,False,0.38434782608695645,0.03184411200906028,24,-0.06428656880941533,0.6956711849584609,0.9151966795585321,0.45759833977926606,0.4199619979744203,False
dtw,1,C8,IF,False,-0.3313043478260869,0.9431122532625987,24,-0.6461419262470952,0.06089438308798682,0.9097459233978006,0.4548729616989003,-0.3641723906700255,False
dtw,1,C8,TRAK,False,0.3217391304347825,0.06261972933243162,24,-0.08878247575952593,0.6873629040734617,0.9097459233978006,0.4548729616989003,0.3536582271598672,False
dtw,1,C8,TracIn,False,-0.2452173913043478,0.8759393504622491,24,-0.5556731286460218,0.18114211084191376,0.9097459233978006,0.4548729616989003,-0.26954491907860156,False
dtw,1,C9,IF,False,0.02434782608695652,0.4550437100394768,24,-0.41100920149509906,0.4161737185337207,0.8945496491396712,0.4472748245698356,0.02721797064072735,False
dtw,1,C9,TRAK,False,-0.19652173913043475,0.8213129652420481,24,-0.5807464725630977,0.2587708500655686,0.8945496491396712,0.4472748245698356,-0.21968790588587073,False
dtw,1,C9,TracIn,False,0.46173913043478254,0.011562029635097568,24,0.03502100467600056,0.7588908699542761,0.8945496491396712,0.4472748245698356,0.5161693717937936,True
dtw,3,C1,IF,True,0.01652173913043478,0.46946143347275515,24,-0.4263147716539818,0.433058927289179,0.9327641408751334,0.4663820704375667,0.01771266540642722,False
dtw,3,C1,TRAK,True,0.1643478260869565,0.22142307561966984,24,-0.28141782844256735,0.5596478960967983,0.9327641408751334,0.4663820704375667,0.1761944085165655,False
dtw,3,C1,TracIn,True,0.2617391304347826,0.10832584897664314,24,-0.16747395757121142,0.6279079922819133,0.9327641408751334,0.4663820704375667,0.28060590985971545,False
dtw,3,C2,IF,False,0.3652173913043478,0.0396399453050445,24,-0.009269792350266162,0.6637699636607932,0.9115002366303833,0.45575011831519163,0.4006772314777191,False
dtw,3,C2,TRAK,False,0.35130434782608694,0.046158627305053934,24,-0.07533004047514162,0.6710661537758064,0.9115002366303833,0.45575011831519163,0.38541333694523455,False
dtw,3,C2,TracIn,False,-0.005217391304347826,0.5096516583732105,24,-0.47890702196993595,0.47328520941005237,0.9115002366303833,0.45575011831519163,-0.005723960449681701,False
dtw,3,C3,IF,False,-0.248695652173913,0.8793691165560228,24,-0.612131803437923,0.21154229406554473,0.6441876915821739,0.32209384579108696,-0.38606085683366226,False
dtw,3,C3,TRAK,False,-0.14260869565217388,0.746895383023573,24,-0.4976080828387243,0.2819467606204031,0.6441876915821739,0.32209384579108696,-0.22137755426825384,False
dtw,3,C3,TracIn,False,0.2652173913043478,0.10519194893657419,24,-0.14561489202580166,0.5945910803417369,0.6441876915821739,0.32209384579108696,0.41170825641352093,False
dtw,3,C4,IF,False,0.09739130434782609,0.3253728234944581,24,-0.324082749850589,0.5346879171110419,0.7945492662473793,0.39727463312368966,0.12257428014225079,False
dtw,3,C4,TRAK,False,0.1252173913043478,0.2799492678952415,24,-0.3295404814004377,0.5332181831989856,0.7945492662473793,0.39727463312368966,0.15759550304003672,False
dtw,3,C4,TracIn,False,0.3017391304347826,0.07593572655787045,24,-0.17472751890009733,0.7015568650198812,0.7945492662473793,0.39727463312368966,0.37976138579786634,False
dtw,3,C5,IF,True,0.31565217391304345,0.06647860626956326,24,-0.0952084680673279,0.6071794849410738,0.9177998400225849,0.45889992001129243,0.3439226726224707,False
dtw,3,C5,TRAK,True,0.15739130434782608,0.23132454583183845,24,-0.29241962749043265,0.5630691768826618,0.9177998400225849,0.45889992001129243,0.17148761362167275,False
dtw,3,C5,TracIn,True,0.22434782608695653,0.14596160297262006,24,-0.1560453494909114,0.5772079753303898,0.9177998400225849,0.45889992001129243,0.24444090781431807,False
dtw,3,C6,IF,False,-0.3121739130434782,0.9312409852039282,24,-0.6723156392814473,0.09629711698341341,0.940385146963973,0.4701925734819865,-0.3319638916579335,False
dtw,3,C6,TRAK,False,0.2869565217391304,0.0869871209518322,24,-0.16143462008814236,0.6404676036068292,0.940385146963973,0.4701925734819865,0.30514786698361573,False
dtw,3,C6,TracIn,False,0.39999999999999997,0.026389940701283983,24,0.0025635407537248065,0.6867102302673044,0.940385146963973,0.4701925734819865,0.4253576327650402,False
dtw,3,C7,IF,False,0.42260869565217385,0.01982589933809774,24,-0.07856933636239323,0.7520960742505957,0.9151966795585321,0.45759833977926606,0.4617681697184803,False
dtw,3,C7,TRAK,False,0.5826086956521739,0.0014067262238315792,24,0.21378484826050778,0.814448095668008,0.9151966795585321,0.45759833977926606,0.6365939788300037,True
dtw,3,C7,TracIn,False,0.29304347826086957,0.08230892635029412,24,-0.15011541521935395,0.6263789118620775,0.9151966795585321,0.45759833977926606,0.3201972699488228,False
dtw,3,C8,IF,False,-0.25478260869565217,0.8852205179028918,24,-0.5626862401402278,0.12975087760644102,0.9097459233978006,0.4548729616989003,-0.2800590825887598,False
dtw,3,C8,TRAK,False,0.013043478260869565,0.4758823434001502,24,-0.5242155354539919,0.4960781359385291,0.9097459233978006,0.4548729616989003,0.014337495695670296,False
dtw,3,C8,TracIn,False,-0.2539130434782608,0.8843963174162729,24,-0.5950842527814589,0.20788567575337608,0.9097459233978006,0.4548729616989003,-0.27910324954238175,False
dtw,3,C9,IF,False,0.15130434782608695,0.2401729514896836,24,-0.3085339168490153,0.5523629817623118,0.8945496491396712,0.4472748245698356,0.16914024612451997,False
dtw,3,C9,TRAK,False,-0.08347826086956521,0.6509196996606288,24,-0.4729848269909924,0.33218086427984184,0.8945496491396712,0.4472748245698356,-0.09331875648249377,False
dtw,3,C9,TracIn,False,0.5556521739130434,0.002408700523166543,24,0.15406506670176984,0.7988694371031339,0.8945496491396712,0.4472748245698356,0.6211529728365991,True
dtw,5,C1,IF,True,0.1208695652173913,0.28685486759793344,24,-0.3718393101509695,0.566475200203675,0.9327641408751334,0.4663820704375667,0.1295821311312307,False
dtw,5,C1,TRAK,True,-0.07739130434782608,0.6403664272283376,24,-0.507114200880524,0.34273641230151525,0.9327641408751334,0.4663820704375667,-0.08296985374589592,False
dtw,5,C1,TracIn,True,0.13043478260869562,0.27176298760879264,24,-0.3246234422607617,0.5130954781353466,0.9327641408751334,0.4663820704375667,0.13983683215600434,False
dtw,5,C2,IF,False,0.19304347826086957,0.18305791748556993,24,-0.23055509549036435,0.5580793551860478,0.9115002366303833,0.45575011831519163,0.21178653663822297,False
dtw,5,C2,TRAK,False,0.2713043478260869,0.0998556200790276,24,-0.17040698792779388,0.6235472702712065,0.9115002366303833,0.45575011831519163,0.29764594338344846,False
dtw,5,C2,TracIn,False,0.25913043478260867,0.1107168553781794,24,-0.23517129078724872,0.6998760248636838,0.9115002366303833,0.45575011831519163,0.2842900356675245,False
dtw,5,C3,IF,False,-0.1591304347826087,0.7711721089925269,24,-0.5596330275229358,0.3257566881562044,0.6441876915821739,0.32209384579108696,-0.24702495384811257,False
dtw,5,C3,TRAK,False,-0.19999999999999998,0.8256221336382272,24,-0.5775832038717216,0.24081209544031495,0.6441876915821739,0.32209384579108696,-0.31046852122986823,False
dtw,5,C3,TracIn,False,0.40782608695652167,0.023950460284585973,24,-0.017585612502872904,0.7285605419984071,0.6441876915821739,0.32209384579108696,0.6330858106817747,True
dtw,5,C4,IF,False,0.008695652173913044,0.48391649708513457,24,-0.4162144420131291,0.4207489381783857,0.7945492662473793,0.39727463312368966,0.010944132155558107,False
dtw,5,C4,TRAK,False,0.08086956521739129,0.35359037523411907,24,-0.3617413718903082,0.529706011408512,0.7945492662473793,0.39727463312368966,0.10178042904669038,False
dtw,5,C4,TracIn,False,0.11565217391304347,0.29523915844342064,24,-0.3191166418223896,0.5234690329961563,0.7945492662473793,0.39727463312368966,0.14555695766892282,False
dtw,5,C5,IF,True,0.14608695652173911,0.24789146484215685,24,-0.26282081597741624,0.49016684028505964,0.9177998400225849,0.45889992001129243,0.1591708236930443,False
dtw,5,C5,TRAK,True,0.348695652173913,0.04746505942284122,24,-0.045834523255780635,0.6639056773563354,0.9177998400225849,0.45889992001129243,0.37992559702923073,False
dtw,5,C5,TracIn,True,-0.2008695652173913,0.8266897486325107,24,-0.5944105697759545,0.2733815079894747,0.9177998400225849,0.45889992001129243,-0.21885988257793593,False
dtw,5,C6,IF,False,-0.6504347826086957,0.9997103438567196,24,-0.8313628258455256,-0.34730942944050175,0.940385146963973,0.4701925734819865,-0.6916684984961958,False
dtw,5,C6,TRAK,False,-0.17739130434782607,0.7965187243014216,24,-0.4934493901767524,0.18969451396738252,0.940385146963973,0.4701925734819865,-0.1886368632262352,False
dtw,5,C6,TracIn,False,0.02260869565217391,0.4582435215168909,24,-0.3936888599944258,0.4454380392764442,0.940385146963973,0.4701925734819865,0.02404195315628488,False
dtw,5,C7,IF,False,0.3869565217391304,0.03087961010464104,24,-0.015409465447039928,0.696387911671479,0.9151966795585321,0.45759833977926606,0.42281241877515174,False
dtw,5,C7,TRAK,False,0.5252173913043477,0.004201350368125826,24,0.10662150349650348,0.824474074794775,0.9151966795585321,0.45759833977926606,0.5738847212139138,True
dtw,5,C7,TracIn,False,0.5704347826086955,0.001803523027666468,24,0.19472580373674467,0.7920534680981424,0.9151966795585321,0.45759833977926606,0.6232920150932573,True
dtw,5,C8,IF,False,-0.40695652173913033,0.9757875285639479,24,-0.671189475468507,-0.011783996501967762,0.9097459233978006,0.4548729616989003,-0.4473298657049131,False
dtw,5,C8,TRAK,False,0.33739130434782605,0.05344606021967919,24,-0.08686957214564575,0.6977186088747179,0.9097459233978006,0.4548729616989003,0.37086322199467164,False
dtw,5,C8,TracIn,False,-0.09652173913043478,0.6731634140026547,24,-0.5149396967916514,0.339869851827011,0.9097459233978006,0.4548729616989003,-0.1060974681479602,False
dtw,5,C9,IF,False,0.1269565217391304,0.27720819365667276,24,-0.25092071337554256,0.4814175142479736,0.8945496491396712,0.4472748245698356,0.14192227548379258,False
dtw,5,C9,TRAK,False,0.2121739130434782,0.15978561114434037,24,-0.23590492235878927,0.5528642824183018,0.8945496491396712,0.4472748245698356,0.2371851727263383,False
dtw,5,C9,TracIn,False,0.5469565217391303,0.0028384827143188565,24,0.09287502789145223,0.8295561608636762,0.8945496491396712,0.4472748245698356,0.6114322690363393,True
dtw,15,C1,IF,True,-0.06135772558789806,0.6121058664901071,24,-0.4208878896251468,0.3362916679948918,0.9327641408751334,0.4663820704375667,-0.06578053647123625,False
dtw,15,C1,TRAK,True,-0.03176676572990467,0.5585735571244611,24,-0.4878285803519814,0.41792082886152726,0.9327641408751334,0.4663820704375667,-0.03405658980425706,False
dtw,15,C1,TracIn,True,-0.08398610665577536,0.6517954165786228,24,-0.4677831547529225,0.3603839325514067,0.9327641408751334,0.4663820704375667,-0.09004002509892621,False
dtw,15,C2,IF,False,-0.16710189096278621,0.7824336107722843,24,-0.5901550557592552,0.26137109861277535,0.9115002366303833,0.45575011831519163,-0.18332621786311906,False
dtw,15,C2,TRAK,False,-0.19234123907695702,0.8160521687191276,24,-0.6117854339655983,0.26887952035334245,0.9115002366303833,0.45575011831519163,-0.21101611535286097,False
dtw,15,C2,TracIn,False,-0.045256762135754594,0.5831596508483654,24,-0.41542420811676545,0.33750161746860846,0.9115002366303833,0.45575011831519163,-0.049650850671261404,False
dtw,15,C3,IF,False,0.2985205656262275,0.07825256327124812,24,-0.15084406841125558,0.6633542704204817,0.6441876915821739,0.32209384579108696,0.46340619283339346,False
dtw,15,C3,TRAK,False,0.2567450928855309,0.1129336938770737,24,-0.2266524970546701,0.6532053646354443,0.6441876915821739,0.32209384579108696,0.3985563466059797,False
dtw,15,C3,TracIn,False,0.12358577352456064,0.2825319432956423,24,-0.3049014689879018,0.5633713891295309,0.6441876915821739,0.32209384579108696,0.19184746175609874,False
dtw,15,C4,IF,False,-0.04482160096137234,0.5823707557117821,24,-0.4136276576620167,0.3192217039717039,0.7945492662473793,0.39727463312368966,-0.056411355299669154,False
dtw,15,C4,TRAK,False,-0.15970415099828786,0.7719926253549986,24,-0.5930291424123788,0.3191537105212667,0.7945492662473793,0.39727463312368966,-0.200999683446394,False
dtw,15,C4,TracIn,False,0.45735439427575075,0.012318734377484979,24,-0.029864272527216688,0.7588939329450941,0.7945492662473793,0.39727463312368966,0.57561489728109,True
dtw,15,C5,IF,True,0.08920804074836243,0.3392443354344387,24,-0.3164986732863093,0.4209778375839446,0.9177998400225849,0.45889992001129243,0.09719770788603235,False
dtw,15,C5,TRAK,True,0.36074861356288995,0.04165276888442028,24,-0.05832353177704976,0.6952262406539664,0.9177998400225849,0.45889992001129243,0.3930580479879064,False
dtw,15,C5,TracIn,True,0.07093127142430769,0.3709434351262689,24,-0.3482661697478942,0.4925785864569746,0.9177998400225849,0.45889992001129243,0.07728403114840622,False
dtw,15,C6,IF,False,-0.20365542961089567,0.8300839712572636,24,-0.4912489302577527,0.140317870934597,0.940385146963973,0.4701925734819865,-0.21656597859759463,False
dtw,15,C6,TRAK,False,-0.23498703416641806,0.8654871093533515,24,-0.5311764530000379,0.1278075712258945,0.940385146963973,0.4701925734819865,-0.24988382145876303,False
dtw,15,C6,TracIn,False,0.23846832356147613,0.13089492593442886,24,-0.22405358484669538,0.6881930824470011,0.940385146963973,0.4701925734819865,0.25358580399889286,False
dtw,15,C7,IF,False,0.1953873672976328,0.18010575240214993,24,-0.20042523435294865,0.5629442895738933,0.9151966795585321,0.45759833977926606,0.21349221611236915,False
dtw,15,C7,TRAK,False,0.34160152189007076,0.05115693484774432,24,0.036193142464436195,0.5876632504249597,0.9151966795585321,0.45759833977926606,0.3732547653634962,False
dtw,15,C7,TracIn,False,-0.0735422384706012,0.6336407866054724,24,-0.41619590319567845,0.2827116694687194,0.9151966795585321,0.45759833977926606,-0.08035675840309663,False
dtw,15,C8,IF,False,-0.19973897904145538,0.8253009068731401,24,-0.5808100964931185,0.2201621603904966,0.9097459233978006,0.4548729616989003,-0.2195546843402742,False
dtw,15,C8,TRAK,False,-0.07702352786565926,0.6397255037952142,24,-0.5533379615797818,0.3476955807790487,0.9097459233978006,0.4548729616989003,-0.0846648782750077,False
dtw,15,C8,TracIn,False,-0.023933864591024066,0.544194884298141,24,-0.4523333301918795,0.4235810900075385,0.9097459233978006,0.4548729616989003,-0.026308295509183184,False
dtw,15,C9,IF,False,0.036988699822491734,0.431879287254167,24,-0.39045398864663117,0.4273201658351633,0.8945496491396712,0.4472748245698356,0.041348962417083766,False
dtw,15,C9,TRAK,False,0.29895572680060967,0.07793644015394312,24,-0.12863209867563602,0.6403157036601355,0.8945496491396712,0.4472748245698356,0.33419690800631235,False
dtw,15,C9,TracIn,False,0.37728473818941566,0.0345717087998906,24,-0.040451360161971664,0.7156066163728872,0.8945496491396712,0.4472748245698356,0.4217594166542544,False
