task_key,cluster,task,margin_pts,margin_exact,cotrain_pct,target_pct,per_seed_margin
C1/open_the_middle_drawer_of_the_cabinet,C1,open_the_middle_drawer_of_the_cabinet,-6.0,-6,15.0,21.0,"[30.0, -10.0, -5.0, -30.0, -15.0]"
C1/open_the_top_drawer_and_put_the_bowl_inside,C1,open_the_top_drawer_and_put_the_bowl_inside,0.0,0,1.0,1.0,"[5.0, 0.0, -5.0, 0.0, 0.0]"
C1/push_the_plate_to_the_front_of_the_stove,C1,push_the_plate_to_the_front_of_the_stove,-11.0,-11,11.0,22.0,"[-10.0, -15.0, -10.0, -30.0, 10.0]"
C1/put_the_bowl_on_the_plate,C1,put_the_bowl_on_the_plate,-19.0,-19,18.0,37.0,"[5.0, -45.0, -20.0, -10.0, -25.0]"
C1/put_the_bowl_on_the_stove,C1,put_the_bowl_on_the_stove,22.0,22,23.0,1.0,"[15.0, 45.0, 30.0, 5.0, 15.0]"
C1/put_the_bowl_on_top_of_the_cabinet,C1,put_the_bowl_on_top_of_the_cabinet,23.0,23,37.0,14.0,"[30.0, -10.0, 40.0, 55.0, 0.0]"
C1/put_the_cream_cheese_in_the_bowl,C1,put_the_cream_cheese_in_the_bowl,10.0,10,10.0,0.0,"[5.0, 10.0, 10.0, 15.0, 10.0]"
C1/put_the_wine_bottle_on_the_rack,C1,put_the_wine_bottle_on_the_rack,21.0,21,48.0,27.0,"[35.0, -10.0, -5.0, 40.0, 45.0]"
C1/put_the_wine_bottle_on_top_of_the_cabinet,C1,put_the_wine_bottle_on_top_of_the_cabinet,-8.0,-8,28.0,36.0,"[90.0, -25.0, -50.0, -15.0, -40.0]"
C1/turn_on_the_stove,C1,turn_on_the_stove,-22.0,-22,47.0,69.0,"[75.0, -95.0, -40.0, -90.0, 40.0]"
C2/pick_up_the_black_bowl_between_the_plate_and_the_ramekin_and_place_it_on_the_plate,C2,pick_up_the_black_bowl_between_the_plate_and_the_ramekin_and_place_it_on_the_plate,19.0,19,71.0,52.0,"[-10.0, 45.0, 30.0, -45.0, 75.0]"
C2/pick_up_the_black_bowl_from_table_center_and_place_it_on_the_plate,C2,pick_up_the_black_bowl_from_table_center_and_place_it_on_the_plate,-19.0,-19,18.0,37.0,"[-60.0, -35.0, 30.0, -35.0, 5.0]"
C2/pick_up_the_black_bowl_in_the_top_drawer_of_the_wooden_cabinet_and_place_it_on_the_plate,C2,pick_up_the_black_bowl_in_the_top_drawer_of_the_wooden_cabinet_and_place_it_on_the_plate,-12.0,-12,10.0,22.0,"[-55.0, 15.0, 15.0, -30.0, -5.0]"
C2/pick_up_the_black_bowl_next_to_the_cookie_box_and_place_it_on_the_plate,C2,pick_up_the_black_bowl_next_to_the_cookie_box_and_place_it_on_the_plate,-1.0,-1,53.0,54.0,"[35.0, -10.0, -35.0, 0.0, 5.0]"
C2/pick_up_the_black_bowl_next_to_the_plate_and_place_it_on_the_plate,C2,pick_up_the_black_bowl_next_to_the_plate_and_place_it_on_the_plate,44.0,44,78.0,34.0,"[40.0, 25.0, 70.0, 10.0, 75.0]"
C2/pick_up_the_black_bowl_next_to_the_ramekin_and_place_it_on_the_plate,C2,pick_up_the_black_bowl_next_to_the_ramekin_and_place_it_on_the_plate,16.0,16,49.0,33.0,"[-5.0, 45.0, 30.0, -10.0, 20.0]"
C2/pick_up_the_black_bowl_on_the_cookie_box_and_place_it_on_the_plate,C2,pick_up_the_black_bowl_on_the_cookie_box_and_place_it_on_the_plate,41.0,41,47.0,6.0,"[50.0, 50.0, 65.0, -10.0, 50.0]"
C2/pick_up_the_black_bowl_on_the_ramekin_and_place_it_on_the_plate,C2,pick_up_the_black_bowl_on_the_ramekin_and_place_it_on_the_plate,20.0,20,22.0,2.0,"[65.0, 5.0, 20.0, 5.0, 5.0]"
C2/pick_up_the_black_bowl_on_the_stove_and_place_it_on_the_plate,C2,pick_up_the_black_bowl_on_the_stove_and_place_it_on_the_plate,24.0,24,39.0,15.0,"[-30.0, 15.0, 90.0, 45.0, 0.0]"
C2/pick_up_the_black_bowl_on_the_wooden_cabinet_and_place_it_on_the_plate,C2,pick_up_the_black_bowl_on_the_wooden_cabinet_and_place_it_on_the_plate,9.0,9,28.0,19.0,"[-10.0, 45.0, -15.0, 25.0, 0.0]"
C5/KITCHEN_SCENE2_open_the_top_drawer_of_the_cabinet,C5,KITCHEN_SCENE2_open_the_top_drawer_of_the_cabinet,17.0,17,65.0,48.0,"[40.0, -5.0, 0.0, 10.0, 40.0]"
C5/KITCHEN_SCENE2_put_the_black_bowl_at_the_back_on_the_plate,C5,KITCHEN_SCENE2_put_the_black_bowl_at_the_back_on_the_plate,14.0,14,17.0,3.0,"[0.0, 20.0, 15.0, 20.0, 15.0]"
C5/KITCHEN_SCENE2_put_the_black_bowl_at_the_front_on_the_plate,C5,KITCHEN_SCENE2_put_the_black_bowl_at_the_front_on_the_plate,0.0,0,1.0,1.0,"[5.0, 0.0, 0.0, 0.0, -5.0]"
C5/KITCHEN_SCENE2_put_the_middle_black_bowl_on_the_plate,C5,KITCHEN_SCENE2_put_the_middle_black_bowl_on_the_plate,-6.0,-6,1.0,7.0,"[0.0, -5.0, -10.0, -10.0, -5.0]"
C5/KITCHEN_SCENE2_put_the_middle_black_bowl_on_top_of_the_cabinet,C5,KITCHEN_SCENE2_put_the_middle_black_bowl_on_top_of_the_cabinet,13.0,13,30.0,17.0,"[15.0, 5.0, 20.0, 5.0, 20.0]"
C5/KITCHEN_SCENE2_stack_the_black_bowl_at_the_front_on_the_black_bowl_in_the_middle,C5,KITCHEN_SCENE2_stack_the_black_bowl_at_the_front_on_the_black_bowl_in_the_middle,-1.0,-1,5.0,6.0,"[5.0, 5.0, -5.0, 5.0, -15.0]"
C5/KITCHEN_SCENE2_stack_the_middle_black_bowl_on_the_back_black_bowl,C5,KITCHEN_SCENE2_stack_the_middle_black_bowl_on_the_back_black_bowl,-2.0,-2,4.0,6.0,"[0.0, -5.0, -5.0, 0.0, 0.0]"
